Workbook

Sheet Instrumentation Cables
A1: Instrument And Wires List
A2: TAG NO | B2: Controls Notes | C2: P&IDs Notes | D2: Voltage | E2: INTRINSICALLY SAFE | F2: SIGNAL | G2: CONNECTION | H2: Cable Designation | I2: Cable Qty | J2: Conduit | K2: Conduit Branch | M2: IN STOCK CABLES
A3: CBL 811 | E3: NO | F3: DIGITAL CONTACT | G3: 2 wire | H3: Alan16 | I3: 2 | J3: CUSTOMER DCS - LCP-1 | M3: Company | N3: Designation | O3: Size | P3: Conductors | Q3: Shield | R3: Voltage | S3: Type | T3: Nom Diameter
A4: CBL 813 | E4: NO | F4: DIGITAL CONTACT | G4: 2 wire | H4: Alan16 | I4: 2 | J4: CUSTOMER DCS - LCP-1 | M4: Dekoron | N4: Dek2C | O4: 16 AWG | P4: 2 C | Q4: Yes | R4: 600 V | S4: TC-ER | T4: 0.287
A5: XL-1 | E5: NO | F5: DIGITAL CONTACT | G5: 4 pair shielded | H5: Dek2C | I5: 1 | J5: CUSTOMER MCC - LCP-1 | M5: Dekoron | N5: Dek3C | O5: 16 AWG | P5: 3 C | Q5: Yes | R5: 600 V | S5: TC-ER | T5: 0.325
A6: XA-1 | E6: NO | F6: DIGITAL CONTACT | G6: … | H6: Dek2C | I6: 1 | J6: CUSTOMER MCC - LCP-1 | M6: Dekoron | N6: Dek4C | O6: 16 AWG | P6: 4 C | Q6: Yes | R6: 600 V | S6: TC-ER | T6: 0.355
A7: XL-3 | E7: NO | F7: DIGITAL CONTACT | G7: … | H7: Dek2C | I7: 1 | J7: CUSTOMER MCC - LCP-1 | M7: Alan Wire | N7: Alan16 | O7: 16 AWG | P7: 1 C | Q7: No | R7: 600 V | S7: TFFN oil gas | T7: 0.095
A8: XL-4 | E8: NO | F8: DIGITAL CONTACT | G8: … | H8: Dek2C | I8: 1 | J8: CUSTOMER MCC - LCP-1 | M8: Alan Wire | N8: Alan10 | O8: 10 AWG | P8: 1 C | Q8: No | R8: 600 V | S8: TC-ER | T8: 0.16
A9: XY-1 | E9: NO | F9: DIGITAL CONTACT | G9: 2 wire | H9: Alan16 | I9: 2 | J9: CUSTOMER MCC - LCP-1 | M9: Alan Wire | N9: Alan6 | O9: 6 AWG | P9: 1 C | Q9: No | R9: 600 V | S9: TC-ER
A10: XY-3 | E10: NO | F10: DIGITAL CONTACT | G10: 2 wire | H10: Alan16 | I10: 2 | J10: CUSTOMER MCC - LCP-1 | M10: Advanced Digital Cable | N10: Advanced14 | O10: 14 AWG | P10: 3 C | Q10: No | R10: 600 V | S10: TC-ER
A11: XY-4 | E11: NO | F11: DIGITAL CONTACT | G11: 2 wire | H11: Alan16 | I11: 2 | J11: CUSTOMER MCC - LCP-1 | M11: Reynolds | N11: Motor12 | O11: 18 AWG | P11: 12 C | Q11: No | R11: 600 V | S11: TC-ER | T11: 0.43
A12: II-1 | E12: NO | F12: 4-20 mA | G12: 2 wire shielded | H12: Dek2C | I12: 1 | J12: CUSTOMER MCC - LCP-1 | M12: Reynolds | N12: Motor12Sh | O12: 18 AWG | P12: 12 C | Q12: Yes | R12: 600 V | S12: TC-ER | T12: 0.51
A13: XT-7A | E13: NO | F13: 4-20 mA | G13: 2 wire shielded | H13: Dek2C | I13: 1 | J13: CUSTOMER MCC - LCP-1
A14: RUN INTERLOCK | E14: NO | F14: DIGITAL CONTACT | G14: 2 wire shielded | H14: Dek2C | I14: 1 | J14: FROM CUSTOMER - LCP-1
A15: VSH-1 | E15: NO | F15: 4-20 mA | G15: 2 wire | H15: Alan16 | I15: 2 | J15: FROM CUSTOMER - LCP-1
A16: ZE-1A | E16: YES | F16: 4-20 mA | G16: 3 wire shielded | H16: Dek3C | I16: 1 | J16: GREEN | K16: G2
A17: ZE-1B | E17: YES | F17: 4-20 mA | G17: 3 wire shielded | H17: Dek3C | I17: 1 | J17: GREEN | K17: G1
A18: PCV-201 | E18: YES | F18: 4-20 mA | G18: 2 wire shielded | H18: Dek2C | I18: 1 | J18: GREEN | K18: G2
A19: TCV-201 | E19: YES | F19: 4-20 mA | G19: 2 wire shielded | H19: Dek2C | I19: 1 | J19: GREEN | K19: G2
A20: ZSO-071 | E20: NO | F20: 4-20 mA | G20: 2 wire | H20: Alan16 | I20: 2 | J20: RED | K20: R3
A21: ZSC-071 | E21: NO | F21: 4-20 mA | G21: 2 wire | H21: Alan16 | I21: 2 | J21: RED | K21: R3
A22: ZSO-151 | E22: NO | F22: 4-20 mA | G22: 2 wire | H22: Alan16 | I22: 2 | J22: RED | K22: R3
A23: ZSC-151 | E23: NO | F23: 4-20 mA | G23: 2 wire | H23: Alan16 | I23: 2 | J23: RED | K23: R3
A24: ZSO-201 | E24: NO | F24: 4-20 mA | G24: 2 wire | H24: Alan16 | I24: 2 | J24: RED | K24: R4
A25: ZSC-201 | E25: NO | F25: 4-20 mA | G25: 2 wire | H25: Alan16 | I25: 2 | J25: RED | K25: R4 | P25: Minimum required Conduit Size
A26: SV-071 | E26: NO | F26: 4-20 mA | G26: 2 wire | H26: Alan16 | I26: 2 | J26: RED | K26: R3 | M26: Conduit | N26: Number of Cables | O26: Sum of Cross Sectional Areas | P26: Rigid Metal Conduit | Q26: Liquidtight Flexible Nonmetallic Conduit | R26: Flexible Metal Conduit | S26: Chosen Size
A27: SV-201 | E27: NO | F27: 4-20 mA | G27: 2 wire | H27: Alan16 | I27: 2 | J27: RED | K27: R4 | M27: {=IFERROR(INDEX(_xlfn._xlws.SORT(_xlfn.UNIQUE(_xlfn._xlws.FILTER(_xlfn.VSTACK(Table3[[Conduit ]],Table3[Conduit Branch]),_xlfn.VSTACK(Table3[[Conduit ]],Table3[Conduit Branch])<>""))),ROWS($M$27:M27)),"")} -> B1 | N27: {=IF($M27="","",_xlfn.LET(_xlpm.item,$M27,_xlpm.qty,IF(Table3[Cable Qty]="",1,Table3[Cable Qty]),SUMPRODUCT(--(((Table3[[Conduit ]]=_xlpm.item)+(Table3[Conduit Branch]=_xlpm.item))>0),_xlpm.qty)))} -> 2 | O27: {=IF($M27="","",_xlfn.LET(_xlpm.item,$M27,_xlpm.diameters,_xlfn.XLOOKUP(Table3[Cable Designation]&"",Table6[Designation]&"",Table6[Nom Diameter],0),_xlpm.qty,IFERROR(Table3[Cable Qty],1),SUMPRODUCT(((Table3[[Conduit ]]=_xlpm.item)+(Table3[Conduit Branch]=_xlpm.item))*_xlpm.qty*PI()*(_xlpm.diameters/2)^2)))} -> 0 | P27: {=IF($M27="","",_xlfn.LET(_xlpm.area,$O27,_xlpm.cnt,$N27,_xlpm.sizes,'Conduit Tables'!$C$4:$C$16,_xlpm.cap,IF(_xlpm.cnt=1,'Conduit Tables'!$I$4:$I$16,IF(_xlpm.cnt=2,'Conduit Tables'!$K$4:$K$16,'Conduit Tables'!$E$4:$E$16)),_xlfn.XLOOKUP(TRUE,IF(ISNUMBER(_xlpm.cap),_xlpm.cap>=_xlpm.area,FALSE),_xlpm.sizes,"No size")))} -> ½ | Q27: {=IF($M27="","",_xlfn.LET(_xlpm.area,$O27,_xlpm.cnt,$N27,_xlpm.sizes,'Conduit Tables'!$C$20:$C$26,_xlpm.cap,IF(_xlpm.cnt=1,'Conduit Tables'!$I$20:$I$26,IF(_xlpm.cnt=2,'Conduit Tables'!$K$20:$K$26,'Conduit Tables'!$E$20:$E$26)),_xlfn.XLOOKUP(TRUE,IF(ISNUMBER(_xlpm.cap),_xlpm.cap>=_xlpm.area,FALSE),_xlpm.sizes,"No size")))} -> 3/8 | R27: {=IF($M27="","",_xlfn.LET(_xlpm.area,$O27,_xlpm.cnt,$N27,_xlpm.sizes,'Conduit Tables'!$C$30:$C$38,_xlpm.cap,IF(_xlpm.cnt=1,'Conduit Tables'!$I$30:$I$38,IF(_xlpm.cnt=2,'Conduit Tables'!$K$30:$K$38,'Conduit Tables'!$E$30:$E$38)),_xlfn.XLOOKUP(TRUE,IF(ISNUMBER(_xlpm.cap),_xlpm.cap>=_xlpm.area,FALSE),_xlpm.sizes,"No size")))} -> 3/8 | S27: 3/4
A28: SV-151 | E28: NO | F28: 4-20 mA | G28: 2 wire | H28: Alan16 | I28: 2 | J28: RED | K28: R3 | M28: {=IFERROR(INDEX(_xlfn._xlws.SORT(_xlfn.UNIQUE(_xlfn._xlws.FILTER(_xlfn.VSTACK(Table3[[Conduit ]],Table3[Conduit Branch]),_xlfn.VSTACK(Table3[[Conduit ]],Table3[Conduit Branch])<>""))),ROWS($M$27:M28)),"")} -> B2 | N28: {=IF($M28="","",_xlfn.LET(_xlpm.item,$M28,_xlpm.qty,IF(Table3[Cable Qty]="",1,Table3[Cable Qty]),SUMPRODUCT(--(((Table3[[Conduit ]]=_xlpm.item)+(Table3[Conduit Branch]=_xlpm.item))>0),_xlpm.qty)))} -> 2 | O28: {=IF($M28="","",_xlfn.LET(_xlpm.item,$M28,_xlpm.diameters,_xlfn.XLOOKUP(Table3[Cable Designation]&"",Table6[Designation]&"",Table6[Nom Diameter],0),_xlpm.qty,IFERROR(Table3[Cable Qty],1),SUMPRODUCT(((Table3[[Conduit ]]=_xlpm.item)+(Table3[Conduit Branch]=_xlpm.item))*_xlpm.qty*PI()*(_xlpm.diameters/2)^2)))} -> 0 | P28: {=IF($M28="","",_xlfn.LET(_xlpm.area,$O28,_xlpm.cnt,$N28,_xlpm.sizes,'Conduit Tables'!$C$4:$C$16,_xlpm.cap,IF(_xlpm.cnt=1,'Conduit Tables'!$I$4:$I$16,IF(_xlpm.cnt=2,'Conduit Tables'!$K$4:$K$16,'Conduit Tables'!$E$4:$E$16)),_xlfn.XLOOKUP(TRUE,IF(ISNUMBER(_xlpm.cap),_xlpm.cap>=_xlpm.area,FALSE),_xlpm.sizes,"No size")))} -> ½ | Q28: {=IF($M28="","",_xlfn.LET(_xlpm.area,$O28,_xlpm.cnt,$N28,_xlpm.sizes,'Conduit Tables'!$C$20:$C$26,_xlpm.cap,IF(_xlpm.cnt=1,'Conduit Tables'!$I$20:$I$26,IF(_xlpm.cnt=2,'Conduit Tables'!$K$20:$K$26,'Conduit Tables'!$E$20:$E$26)),_xlfn.XLOOKUP(TRUE,IF(ISNUMBER(_xlpm.cap),_xlpm.cap>=_xlpm.area,FALSE),_xlpm.sizes,"No size")))} -> 3/8 | R28: {=IF($M28="","",_xlfn.LET(_xlpm.area,$O28,_xlpm.cnt,$N28,_xlpm.sizes,'Conduit Tables'!$C$30:$C$38,_xlpm.cap,IF(_xlpm.cnt=1,'Conduit Tables'!$I$30:$I$38,IF(_xlpm.cnt=2,'Conduit Tables'!$K$30:$K$38,'Conduit Tables'!$E$30:$E$38)),_xlfn.XLOOKUP(TRUE,IF(ISNUMBER(_xlpm.cap),_xlpm.cap>=_xlpm.area,FALSE),_xlpm.sizes,"No size")))} -> 3/8 | S28: 3/4
A29: SV-075 | E29: NO | F29: 4-20 mA | G29: 2 wire | H29: Alan16 | I29: 2 | J29: RED | K29: R2 | M29: {=IFERROR(INDEX(_xlfn._xlws.SORT(_xlfn.UNIQUE(_xlfn._xlws.FILTER(_xlfn.VSTACK(Table3[[Conduit ]],Table3[Conduit Branch]),_xlfn.VSTACK(Table3[[Conduit ]],Table3[Conduit Branch])<>""))),ROWS($M$27:M29)),"")} -> BLUE | N29: {=IF($M29="","",_xlfn.LET(_xlpm.item,$M29,_xlpm.qty,IF(Table3[Cable Qty]="",1,Table3[Cable Qty]),SUMPRODUCT(--(((Table3[[Conduit ]]=_xlpm.item)+(Table3[Conduit Branch]=_xlpm.item))>0),_xlpm.qty)))} -> 4 | O29: {=IF($M29="","",_xlfn.LET(_xlpm.item,$M29,_xlpm.diameters,_xlfn.XLOOKUP(Table3[Cable Designation]&"",Table6[Designation]&"",Table6[Nom Diameter],0),_xlpm.qty,IFERROR(Table3[Cable Qty],1),SUMPRODUCT(((Table3[[Conduit ]]=_xlpm.item)+(Table3[Conduit Branch]=_xlpm.item))*_xlpm.qty*PI()*(_xlpm.diameters/2)^2)))} -> 0 | P29: {=IF($M29="","",_xlfn.LET(_xlpm.area,$O29,_xlpm.cnt,$N29,_xlpm.sizes,'Conduit Tables'!$C$4:$C$16,_xlpm.cap,IF(_xlpm.cnt=1,'Conduit Tables'!$I$4:$I$16,IF(_xlpm.cnt=2,'Conduit Tables'!$K$4:$K$16,'Conduit Tables'!$E$4:$E$16)),_xlfn.XLOOKUP(TRUE,IF(ISNUMBER(_xlpm.cap),_xlpm.cap>=_xlpm.area,FALSE),_xlpm.sizes,"No size")))} -> ½ | Q29: {=IF($M29="","",_xlfn.LET(_xlpm.area,$O29,_xlpm.cnt,$N29,_xlpm.sizes,'Conduit Tables'!$C$20:$C$26,_xlpm.cap,IF(_xlpm.cnt=1,'Conduit Tables'!$I$20:$I$26,IF(_xlpm.cnt=2,'Conduit Tables'!$K$20:$K$26,'Conduit Tables'!$E$20:$E$26)),_xlfn.XLOOKUP(TRUE,IF(ISNUMBER(_xlpm.cap),_xlpm.cap>=_xlpm.area,FALSE),_xlpm.sizes,"No size")))} -> 3/8 | R29: {=IF($M29="","",_xlfn.LET(_xlpm.area,$O29,_xlpm.cnt,$N29,_xlpm.sizes,'Conduit Tables'!$C$30:$C$38,_xlpm.cap,IF(_xlpm.cnt=1,'Conduit Tables'!$I$30:$I$38,IF(_xlpm.cnt=2,'Conduit Tables'!$K$30:$K$38,'Conduit Tables'!$E$30:$E$38)),_xlfn.XLOOKUP(TRUE,IF(ISNUMBER(_xlpm.cap),_xlpm.cap>=_xlpm.area,FALSE),_xlpm.sizes,"No size")))} -> 3/8 | S29: 3/4
A30: PT-1 | E30: NO | F30: 4-20 mA | G30: 2 wire shielded | H30: Dek2C | I30: 1 | J30: RED | K30: R3 | M30: {=IFERROR(INDEX(_xlfn._xlws.SORT(_xlfn.UNIQUE(_xlfn._xlws.FILTER(_xlfn.VSTACK(Table3[[Conduit ]],Table3[Conduit Branch]),_xlfn.VSTACK(Table3[[Conduit ]],Table3[Conduit Branch])<>""))),ROWS($M$27:M30)),"")} -> CUSTOMER DCS - LCP-1 | N30: {=IF($M30="","",_xlfn.LET(_xlpm.item,$M30,_xlpm.qty,IF(Table3[Cable Qty]="",1,Table3[Cable Qty]),SUMPRODUCT(--(((Table3[[Conduit ]]=_xlpm.item)+(Table3[Conduit Branch]=_xlpm.item))>0),_xlpm.qty)))} -> 4 | O30: {=IF($M30="","",_xlfn.LET(_xlpm.item,$M30,_xlpm.diameters,_xlfn.XLOOKUP(Table3[Cable Designation]&"",Table6[Designation]&"",Table6[Nom Diameter],0),_xlpm.qty,IFERROR(Table3[Cable Qty],1),SUMPRODUCT(((Table3[[Conduit ]]=_xlpm.item)+(Table3[Conduit Branch]=_xlpm.item))*_xlpm.qty*PI()*(_xlpm.diameters/2)^2)))} -> 0.028352874 | P30: {=IF($M30="","",_xlfn.LET(_xlpm.area,$O30,_xlpm.cnt,$N30,_xlpm.sizes,'Conduit Tables'!$C$4:$C$16,_xlpm.cap,IF(_xlpm.cnt=1,'Conduit Tables'!$I$4:$I$16,IF(_xlpm.cnt=2,'Conduit Tables'!$K$4:$K$16,'Conduit Tables'!$E$4:$E$16)),_xlfn.XLOOKUP(TRUE,IF(ISNUMBER(_xlpm.cap),_xlpm.cap>=_xlpm.area,FALSE),_xlpm.sizes,"No size")))} -> ½ | Q30: {=IF($M30="","",_xlfn.LET(_xlpm.area,$O30,_xlpm.cnt,$N30,_xlpm.sizes,'Conduit Tables'!$C$20:$C$26,_xlpm.cap,IF(_xlpm.cnt=1,'Conduit Tables'!$I$20:$I$26,IF(_xlpm.cnt=2,'Conduit Tables'!$K$20:$K$26,'Conduit Tables'!$E$20:$E$26)),_xlfn.XLOOKUP(TRUE,IF(ISNUMBER(_xlpm.cap),_xlpm.cap>=_xlpm.area,FALSE),_xlpm.sizes,"No size")))} -> 3/8 | R30: {=IF($M30="","",_xlfn.LET(_xlpm.area,$O30,_xlpm.cnt,$N30,_xlpm.sizes,'Conduit Tables'!$C$30:$C$38,_xlpm.cap,IF(_xlpm.cnt=1,'Conduit Tables'!$I$30:$I$38,IF(_xlpm.cnt=2,'Conduit Tables'!$K$30:$K$38,'Conduit Tables'!$E$30:$E$38)),_xlfn.XLOOKUP(TRUE,IF(ISNUMBER(_xlpm.cap),_xlpm.cap>=_xlpm.area,FALSE),_xlpm.sizes,"No size")))} -> 3/8
A31: PT-3 | E31: NO | F31: 4-20 mA | G31: 2 wire shielded | H31: Dek2C | I31: 1 | J31: RED | K31: R3 | M31: {=IFERROR(INDEX(_xlfn._xlws.SORT(_xlfn.UNIQUE(_xlfn._xlws.FILTER(_xlfn.VSTACK(Table3[[Conduit ]],Table3[Conduit Branch]),_xlfn.VSTACK(Table3[[Conduit ]],Table3[Conduit Branch])<>""))),ROWS($M$27:M31)),"")} -> CUSTOMER MCC - LCP-1 | N31: {=IF($M31="","",_xlfn.LET(_xlpm.item,$M31,_xlpm.qty,IF(Table3[Cable Qty]="",1,Table3[Cable Qty]),SUMPRODUCT(--(((Table3[[Conduit ]]=_xlpm.item)+(Table3[Conduit Branch]=_xlpm.item))>0),_xlpm.qty)))} -> 12 | O31: {=IF($M31="","",_xlfn.LET(_xlpm.item,$M31,_xlpm.diameters,_xlfn.XLOOKUP(Table3[Cable Designation]&"",Table6[Designation]&"",Table6[Nom Diameter],0),_xlpm.qty,IFERROR(Table3[Cable Qty],1),SUMPRODUCT(((Table3[[Conduit ]]=_xlpm.item)+(Table3[Conduit Branch]=_xlpm.item))*_xlpm.qty*PI()*(_xlpm.diameters/2)^2)))} -> 0.43068408 | P31: {=IF($M31="","",_xlfn.LET(_xlpm.area,$O31,_xlpm.cnt,$N31,_xlpm.sizes,'Conduit Tables'!$C$4:$C$16,_xlpm.cap,IF(_xlpm.cnt=1,'Conduit Tables'!$I$4:$I$16,IF(_xlpm.cnt=2,'Conduit Tables'!$K$4:$K$16,'Conduit Tables'!$E$4:$E$16)),_xlfn.XLOOKUP(TRUE,IF(ISNUMBER(_xlpm.cap),_xlpm.cap>=_xlpm.area,FALSE),_xlpm.sizes,"No size")))} -> 1¼ | Q31: {=IF($M31="","",_xlfn.LET(_xlpm.area,$O31,_xlpm.cnt,$N31,_xlpm.sizes,'Conduit Tables'!$C$20:$C$26,_xlpm.cap,IF(_xlpm.cnt=1,'Conduit Tables'!$I$20:$I$26,IF(_xlpm.cnt=2,'Conduit Tables'!$K$20:$K$26,'Conduit Tables'!$E$20:$E$26)),_xlfn.XLOOKUP(TRUE,IF(ISNUMBER(_xlpm.cap),_xlpm.cap>=_xlpm.area,FALSE),_xlpm.sizes,"No size")))} -> 1 1/4 | R31: {=IF($M31="","",_xlfn.LET(_xlpm.area,$O31,_xlpm.cnt,$N31,_xlpm.sizes,'Conduit Tables'!$C$30:$C$38,_xlpm.cap,IF(_xlpm.cnt=1,'Conduit Tables'!$I$30:$I$38,IF(_xlpm.cnt=2,'Conduit Tables'!$K$30:$K$38,'Conduit Tables'!$E$30:$E$38)),_xlfn.XLOOKUP(TRUE,IF(ISNUMBER(_xlpm.cap),_xlpm.cap>=_xlpm.area,FALSE),_xlpm.sizes,"No size")))} -> 3/4
A32: PT-6 | E32: NO | F32: 4-20 mA | G32: 2 wire shielded | H32: Dek2C | I32: 1 | J32: YELLOW | K32: Y1 | M32: {=IFERROR(INDEX(_xlfn._xlws.SORT(_xlfn.UNIQUE(_xlfn._xlws.FILTER(_xlfn.VSTACK(Table3[[Conduit ]],Table3[Conduit Branch]),_xlfn.VSTACK(Table3[[Conduit ]],Table3[Conduit Branch])<>""))),ROWS($M$27:M32)),"")} -> FROM CUSTOMER - LCP-1 | N32: {=IF($M32="","",_xlfn.LET(_xlpm.item,$M32,_xlpm.qty,IF(Table3[Cable Qty]="",1,Table3[Cable Qty]),SUMPRODUCT(--(((Table3[[Conduit ]]=_xlpm.item)+(Table3[Conduit Branch]=_xlpm.item))>0),_xlpm.qty)))} -> 3 | O32: {=IF($M32="","",_xlfn.LET(_xlpm.item,$M32,_xlpm.diameters,_xlfn.XLOOKUP(Table3[Cable Designation]&"",Table6[Designation]&"",Table6[Nom Diameter],0),_xlpm.qty,IFERROR(Table3[Cable Qty],1),SUMPRODUCT(((Table3[[Conduit ]]=_xlpm.item)+(Table3[Conduit Branch]=_xlpm.item))*_xlpm.qty*PI()*(_xlpm.diameters/2)^2)))} -> 0.078868898 | P32: {=IF($M32="","",_xlfn.LET(_xlpm.area,$O32,_xlpm.cnt,$N32,_xlpm.sizes,'Conduit Tables'!$C$4:$C$16,_xlpm.cap,IF(_xlpm.cnt=1,'Conduit Tables'!$I$4:$I$16,IF(_xlpm.cnt=2,'Conduit Tables'!$K$4:$K$16,'Conduit Tables'!$E$4:$E$16)),_xlfn.XLOOKUP(TRUE,IF(ISNUMBER(_xlpm.cap),_xlpm.cap>=_xlpm.area,FALSE),_xlpm.sizes,"No size")))} -> ½ | Q32: {=IF($M32="","",_xlfn.LET(_xlpm.area,$O32,_xlpm.cnt,$N32,_xlpm.sizes,'Conduit Tables'!$C$20:$C$26,_xlpm.cap,IF(_xlpm.cnt=1,'Conduit Tables'!$I$20:$I$26,IF(_xlpm.cnt=2,'Conduit Tables'!$K$20:$K$26,'Conduit Tables'!$E$20:$E$26)),_xlfn.XLOOKUP(TRUE,IF(ISNUMBER(_xlpm.cap),_xlpm.cap>=_xlpm.area,FALSE),_xlpm.sizes,"No size")))} -> 1/2 | R32: {=IF($M32="","",_xlfn.LET(_xlpm.area,$O32,_xlpm.cnt,$N32,_xlpm.sizes,'Conduit Tables'!$C$30:$C$38,_xlpm.cap,IF(_xlpm.cnt=1,'Conduit Tables'!$I$30:$I$38,IF(_xlpm.cnt=2,'Conduit Tables'!$K$30:$K$38,'Conduit Tables'!$E$30:$E$38)),_xlfn.XLOOKUP(TRUE,IF(ISNUMBER(_xlpm.cap),_xlpm.cap>=_xlpm.area,FALSE),_xlpm.sizes,"No size")))} -> 3/8
A33: VT-1 | E33: NO | F33: 4-20 mA | G33: 2 wire shielded | H33: Dek2C | I33: 1 | J33: RED | K33: R2 | M33: {=IFERROR(INDEX(_xlfn._xlws.SORT(_xlfn.UNIQUE(_xlfn._xlws.FILTER(_xlfn.VSTACK(Table3[[Conduit ]],Table3[Conduit Branch]),_xlfn.VSTACK(Table3[[Conduit ]],Table3[Conduit Branch])<>""))),ROWS($M$27:M33)),"")} -> G1 | N33: {=IF($M33="","",_xlfn.LET(_xlpm.item,$M33,_xlpm.qty,IF(Table3[Cable Qty]="",1,Table3[Cable Qty]),SUMPRODUCT(--(((Table3[[Conduit ]]=_xlpm.item)+(Table3[Conduit Branch]=_xlpm.item))>0),_xlpm.qty)))} -> 1 | O33: {=IF($M33="","",_xlfn.LET(_xlpm.item,$M33,_xlpm.diameters,_xlfn.XLOOKUP(Table3[Cable Designation]&"",Table6[Designation]&"",Table6[Nom Diameter],0),_xlpm.qty,IFERROR(Table3[Cable Qty],1),SUMPRODUCT(((Table3[[Conduit ]]=_xlpm.item)+(Table3[Conduit Branch]=_xlpm.item))*_xlpm.qty*PI()*(_xlpm.diameters/2)^2)))} -> 0.082957681 | P33: {=IF($M33="","",_xlfn.LET(_xlpm.area,$O33,_xlpm.cnt,$N33,_xlpm.sizes,'Conduit Tables'!$C$4:$C$16,_xlpm.cap,IF(_xlpm.cnt=1,'Conduit Tables'!$I$4:$I$16,IF(_xlpm.cnt=2,'Conduit Tables'!$K$4:$K$16,'Conduit Tables'!$E$4:$E$16)),_xlfn.XLOOKUP(TRUE,IF(ISNUMBER(_xlpm.cap),_xlpm.cap>=_xlpm.area,FALSE),_xlpm.sizes,"No size")))} -> ½ | Q33: {=IF($M33="","",_xlfn.LET(_xlpm.area,$O33,_xlpm.cnt,$N33,_xlpm.sizes,'Conduit Tables'!$C$20:$C$26,_xlpm.cap,IF(_xlpm.cnt=1,'Conduit Tables'!$I$20:$I$26,IF(_xlpm.cnt=2,'Conduit Tables'!$K$20:$K$26,'Conduit Tables'!$E$20:$E$26)),_xlfn.XLOOKUP(TRUE,IF(ISNUMBER(_xlpm.cap),_xlpm.cap>=_xlpm.area,FALSE),_xlpm.sizes,"No size")))} -> 3/8 | R33: {=IF($M33="","",_xlfn.LET(_xlpm.area,$O33,_xlpm.cnt,$N33,_xlpm.sizes,'Conduit Tables'!$C$30:$C$38,_xlpm.cap,IF(_xlpm.cnt=1,'Conduit Tables'!$I$30:$I$38,IF(_xlpm.cnt=2,'Conduit Tables'!$K$30:$K$38,'Conduit Tables'!$E$30:$E$38)),_xlfn.XLOOKUP(TRUE,IF(ISNUMBER(_xlpm.cap),_xlpm.cap>=_xlpm.area,FALSE),_xlpm.sizes,"No size")))} -> 3/8 | S33: 3/4
A34: VT-2 | E34: NO | F34: 4-20 mA | G34: 2 wire shielded | H34: Dek2C | I34: 1 | J34: RED | K34: R1 | M34: {=IFERROR(INDEX(_xlfn._xlws.SORT(_xlfn.UNIQUE(_xlfn._xlws.FILTER(_xlfn.VSTACK(Table3[[Conduit ]],Table3[Conduit Branch]),_xlfn.VSTACK(Table3[[Conduit ]],Table3[Conduit Branch])<>""))),ROWS($M$27:M34)),"")} -> G2 | N34: {=IF($M34="","",_xlfn.LET(_xlpm.item,$M34,_xlpm.qty,IF(Table3[Cable Qty]="",1,Table3[Cable Qty]),SUMPRODUCT(--(((Table3[[Conduit ]]=_xlpm.item)+(Table3[Conduit Branch]=_xlpm.item))>0),_xlpm.qty)))} -> 3 | O34: {=IF($M34="","",_xlfn.LET(_xlpm.item,$M34,_xlpm.diameters,_xlfn.XLOOKUP(Table3[Cable Designation]&"",Table6[Designation]&"",Table6[Nom Diameter],0),_xlpm.qty,IFERROR(Table3[Cable Qty],1),SUMPRODUCT(((Table3[[Conduit ]]=_xlpm.item)+(Table3[Conduit Branch]=_xlpm.item))*_xlpm.qty*PI()*(_xlpm.diameters/2)^2)))} -> 0.2123426 | P34: {=IF($M34="","",_xlfn.LET(_xlpm.area,$O34,_xlpm.cnt,$N34,_xlpm.sizes,'Conduit Tables'!$C$4:$C$16,_xlpm.cap,IF(_xlpm.cnt=1,'Conduit Tables'!$I$4:$I$16,IF(_xlpm.cnt=2,'Conduit Tables'!$K$4:$K$16,'Conduit Tables'!$E$4:$E$16)),_xlfn.XLOOKUP(TRUE,IF(ISNUMBER(_xlpm.cap),_xlpm.cap>=_xlpm.area,FALSE),_xlpm.sizes,"No size")))} -> ¾ | Q34: {=IF($M34="","",_xlfn.LET(_xlpm.area,$O34,_xlpm.cnt,$N34,_xlpm.sizes,'Conduit Tables'!$C$20:$C$26,_xlpm.cap,IF(_xlpm.cnt=1,'Conduit Tables'!$I$20:$I$26,IF(_xlpm.cnt=2,'Conduit Tables'!$K$20:$K$26,'Conduit Tables'!$E$20:$E$26)),_xlfn.XLOOKUP(TRUE,IF(ISNUMBER(_xlpm.cap),_xlpm.cap>=_xlpm.area,FALSE),_xlpm.sizes,"No size")))} -> 3/4 | R34: {=IF($M34="","",_xlfn.LET(_xlpm.area,$O34,_xlpm.cnt,$N34,_xlpm.sizes,'Conduit Tables'!$C$30:$C$38,_xlpm.cap,IF(_xlpm.cnt=1,'Conduit Tables'!$I$30:$I$38,IF(_xlpm.cnt=2,'Conduit Tables'!$K$30:$K$38,'Conduit Tables'!$E$30:$E$38)),_xlfn.XLOOKUP(TRUE,IF(ISNUMBER(_xlpm.cap),_xlpm.cap>=_xlpm.area,FALSE),_xlpm.sizes,"No size")))} -> 1/2 | S34: 3/4
A35: TT-1 | E35: NO | F35: 4-20 mA | G35: 2 wire shielded | H35: Dek2C | I35: 1 | J35: RED | K35: R3 | M35: {=IFERROR(INDEX(_xlfn._xlws.SORT(_xlfn.UNIQUE(_xlfn._xlws.FILTER(_xlfn.VSTACK(Table3[[Conduit ]],Table3[Conduit Branch]),_xlfn.VSTACK(Table3[[Conduit ]],Table3[Conduit Branch])<>""))),ROWS($M$27:M35)),"")} -> GREEN | N35: {=IF($M35="","",_xlfn.LET(_xlpm.item,$M35,_xlpm.qty,IF(Table3[Cable Qty]="",1,Table3[Cable Qty]),SUMPRODUCT(--(((Table3[[Conduit ]]=_xlpm.item)+(Table3[Conduit Branch]=_xlpm.item))>0),_xlpm.qty)))} -> 4 | O35: {=IF($M35="","",_xlfn.LET(_xlpm.item,$M35,_xlpm.diameters,_xlfn.XLOOKUP(Table3[Cable Designation]&"",Table6[Designation]&"",Table6[Nom Diameter],0),_xlpm.qty,IFERROR(Table3[Cable Qty],1),SUMPRODUCT(((Table3[[Conduit ]]=_xlpm.item)+(Table3[Conduit Branch]=_xlpm.item))*_xlpm.qty*PI()*(_xlpm.diameters/2)^2)))} -> 0.29530028 | P35: {=IF($M35="","",_xlfn.LET(_xlpm.area,$O35,_xlpm.cnt,$N35,_xlpm.sizes,'Conduit Tables'!$C$4:$C$16,_xlpm.cap,IF(_xlpm.cnt=1,'Conduit Tables'!$I$4:$I$16,IF(_xlpm.cnt=2,'Conduit Tables'!$K$4:$K$16,'Conduit Tables'!$E$4:$E$16)),_xlfn.XLOOKUP(TRUE,IF(ISNUMBER(_xlpm.cap),_xlpm.cap>=_xlpm.area,FALSE),_xlpm.sizes,"No size")))} -> 1 | Q35: {=IF($M35="","",_xlfn.LET(_xlpm.area,$O35,_xlpm.cnt,$N35,_xlpm.sizes,'Conduit Tables'!$C$20:$C$26,_xlpm.cap,IF(_xlpm.cnt=1,'Conduit Tables'!$I$20:$I$26,IF(_xlpm.cnt=2,'Conduit Tables'!$K$20:$K$26,'Conduit Tables'!$E$20:$E$26)),_xlfn.XLOOKUP(TRUE,IF(ISNUMBER(_xlpm.cap),_xlpm.cap>=_xlpm.area,FALSE),_xlpm.sizes,"No size")))} -> 1 | R35: {=IF($M35="","",_xlfn.LET(_xlpm.area,$O35,_xlpm.cnt,$N35,_xlpm.sizes,'Conduit Tables'!$C$30:$C$38,_xlpm.cap,IF(_xlpm.cnt=1,'Conduit Tables'!$I$30:$I$38,IF(_xlpm.cnt=2,'Conduit Tables'!$K$30:$K$38,'Conduit Tables'!$E$30:$E$38)),_xlfn.XLOOKUP(TRUE,IF(ISNUMBER(_xlpm.cap),_xlpm.cap>=_xlpm.area,FALSE),_xlpm.sizes,"No size")))} -> 1/2 | S35: 1
A36: TT-3 | E36: NO | F36: 4-20 mA | G36: 2 wire shielded | H36: Dek2C | I36: 1 | J36: RED | K36: R5 | M36: {=IFERROR(INDEX(_xlfn._xlws.SORT(_xlfn.UNIQUE(_xlfn._xlws.FILTER(_xlfn.VSTACK(Table3[[Conduit ]],Table3[Conduit Branch]),_xlfn.VSTACK(Table3[[Conduit ]],Table3[Conduit Branch])<>""))),ROWS($M$27:M36)),"")} -> R1 | N36: {=IF($M36="","",_xlfn.LET(_xlpm.item,$M36,_xlpm.qty,IF(Table3[Cable Qty]="",1,Table3[Cable Qty]),SUMPRODUCT(--(((Table3[[Conduit ]]=_xlpm.item)+(Table3[Conduit Branch]=_xlpm.item))>0),_xlpm.qty)))} -> 9 | O36: {=IF($M36="","",_xlfn.LET(_xlpm.item,$M36,_xlpm.diameters,_xlfn.XLOOKUP(Table3[Cable Designation]&"",Table6[Designation]&"",Table6[Nom Diameter],0),_xlpm.qty,IFERROR(Table3[Cable Qty],1),SUMPRODUCT(((Table3[[Conduit ]]=_xlpm.item)+(Table3[Conduit Branch]=_xlpm.item))*_xlpm.qty*PI()*(_xlpm.diameters/2)^2)))} -> 0.72835391 | P36: {=IF($M36="","",_xlfn.LET(_xlpm.area,$O36,_xlpm.cnt,$N36,_xlpm.sizes,'Conduit Tables'!$C$4:$C$16,_xlpm.cap,IF(_xlpm.cnt=1,'Conduit Tables'!$I$4:$I$16,IF(_xlpm.cnt=2,'Conduit Tables'!$K$4:$K$16,'Conduit Tables'!$E$4:$E$16)),_xlfn.XLOOKUP(TRUE,IF(ISNUMBER(_xlpm.cap),_xlpm.cap>=_xlpm.area,FALSE),_xlpm.sizes,"No size")))} -> 1½ | Q36: {=IF($M36="","",_xlfn.LET(_xlpm.area,$O36,_xlpm.cnt,$N36,_xlpm.sizes,'Conduit Tables'!$C$20:$C$26,_xlpm.cap,IF(_xlpm.cnt=1,'Conduit Tables'!$I$20:$I$26,IF(_xlpm.cnt=2,'Conduit Tables'!$K$20:$K$26,'Conduit Tables'!$E$20:$E$26)),_xlfn.XLOOKUP(TRUE,IF(ISNUMBER(_xlpm.cap),_xlpm.cap>=_xlpm.area,FALSE),_xlpm.sizes,"No size")))} -> 1 1/2 | R36: {=IF($M36="","",_xlfn.LET(_xlpm.area,$O36,_xlpm.cnt,$N36,_xlpm.sizes,'Conduit Tables'!$C$30:$C$38,_xlpm.cap,IF(_xlpm.cnt=1,'Conduit Tables'!$I$30:$I$38,IF(_xlpm.cnt=2,'Conduit Tables'!$K$30:$K$38,'Conduit Tables'!$E$30:$E$38)),_xlfn.XLOOKUP(TRUE,IF(ISNUMBER(_xlpm.cap),_xlpm.cap>=_xlpm.area,FALSE),_xlpm.sizes,"No size")))} -> 1 | S36: 1 1/2
A37: TT-4 | E37: NO | F37: 4-20 mA | G37: 2 wire shielded | H37: Dek2C | I37: 1 | J37: RED | K37: R5 | M37: {=IFERROR(INDEX(_xlfn._xlws.SORT(_xlfn.UNIQUE(_xlfn._xlws.FILTER(_xlfn.VSTACK(Table3[[Conduit ]],Table3[Conduit Branch]),_xlfn.VSTACK(Table3[[Conduit ]],Table3[Conduit Branch])<>""))),ROWS($M$27:M37)),"")} -> R2 | N37: {=IF($M37="","",_xlfn.LET(_xlpm.item,$M37,_xlpm.qty,IF(Table3[Cable Qty]="",1,Table3[Cable Qty]),SUMPRODUCT(--(((Table3[[Conduit ]]=_xlpm.item)+(Table3[Conduit Branch]=_xlpm.item))>0),_xlpm.qty)))} -> 3 | O37: {=IF($M37="","",_xlfn.LET(_xlpm.item,$M37,_xlpm.diameters,_xlfn.XLOOKUP(Table3[Cable Designation]&"",Table6[Designation]&"",Table6[Nom Diameter],0),_xlpm.qty,IFERROR(Table3[Cable Qty],1),SUMPRODUCT(((Table3[[Conduit ]]=_xlpm.item)+(Table3[Conduit Branch]=_xlpm.item))*_xlpm.qty*PI()*(_xlpm.diameters/2)^2)))} -> 0.078868898 | P37: {=IF($M37="","",_xlfn.LET(_xlpm.area,$O37,_xlpm.cnt,$N37,_xlpm.sizes,'Conduit Tables'!$C$4:$C$16,_xlpm.cap,IF(_xlpm.cnt=1,'Conduit Tables'!$I$4:$I$16,IF(_xlpm.cnt=2,'Conduit Tables'!$K$4:$K$16,'Conduit Tables'!$E$4:$E$16)),_xlfn.XLOOKUP(TRUE,IF(ISNUMBER(_xlpm.cap),_xlpm.cap>=_xlpm.area,FALSE),_xlpm.sizes,"No size")))} -> ½ | Q37: {=IF($M37="","",_xlfn.LET(_xlpm.area,$O37,_xlpm.cnt,$N37,_xlpm.sizes,'Conduit Tables'!$C$20:$C$26,_xlpm.cap,IF(_xlpm.cnt=1,'Conduit Tables'!$I$20:$I$26,IF(_xlpm.cnt=2,'Conduit Tables'!$K$20:$K$26,'Conduit Tables'!$E$20:$E$26)),_xlfn.XLOOKUP(TRUE,IF(ISNUMBER(_xlpm.cap),_xlpm.cap>=_xlpm.area,FALSE),_xlpm.sizes,"No size")))} -> 1/2 | R37: {=IF($M37="","",_xlfn.LET(_xlpm.area,$O37,_xlpm.cnt,$N37,_xlpm.sizes,'Conduit Tables'!$C$30:$C$38,_xlpm.cap,IF(_xlpm.cnt=1,'Conduit Tables'!$I$30:$I$38,IF(_xlpm.cnt=2,'Conduit Tables'!$K$30:$K$38,'Conduit Tables'!$E$30:$E$38)),_xlfn.XLOOKUP(TRUE,IF(ISNUMBER(_xlpm.cap),_xlpm.cap>=_xlpm.area,FALSE),_xlpm.sizes,"No size")))} -> 3/8 | S37: 3/4
A38: TT-5 | E38: NO | F38: 4-20 mA | G38: 2 wire shielded | H38: Dek2C | I38: 1 | J38: RED | K38: R3 | M38: {=IFERROR(INDEX(_xlfn._xlws.SORT(_xlfn.UNIQUE(_xlfn._xlws.FILTER(_xlfn.VSTACK(Table3[[Conduit ]],Table3[Conduit Branch]),_xlfn.VSTACK(Table3[[Conduit ]],Table3[Conduit Branch])<>""))),ROWS($M$27:M38)),"")} -> R3 | N38: {=IF($M38="","",_xlfn.LET(_xlpm.item,$M38,_xlpm.qty,IF(Table3[Cable Qty]="",1,Table3[Cable Qty]),SUMPRODUCT(--(((Table3[[Conduit ]]=_xlpm.item)+(Table3[Conduit Branch]=_xlpm.item))>0),_xlpm.qty)))} -> 17 | O38: {=IF($M38="","",_xlfn.LET(_xlpm.item,$M38,_xlpm.diameters,_xlfn.XLOOKUP(Table3[Cable Designation]&"",Table6[Designation]&"",Table6[Nom Diameter],0),_xlpm.qty,IFERROR(Table3[Cable Qty],1),SUMPRODUCT(((Table3[[Conduit ]]=_xlpm.item)+(Table3[Conduit Branch]=_xlpm.item))*_xlpm.qty*PI()*(_xlpm.diameters/2)^2)))} -> 0.40852093 | P38: {=IF($M38="","",_xlfn.LET(_xlpm.area,$O38,_xlpm.cnt,$N38,_xlpm.sizes,'Conduit Tables'!$C$4:$C$16,_xlpm.cap,IF(_xlpm.cnt=1,'Conduit Tables'!$I$4:$I$16,IF(_xlpm.cnt=2,'Conduit Tables'!$K$4:$K$16,'Conduit Tables'!$E$4:$E$16)),_xlfn.XLOOKUP(TRUE,IF(ISNUMBER(_xlpm.cap),_xlpm.cap>=_xlpm.area,FALSE),_xlpm.sizes,"No size")))} -> 1¼ | Q38: {=IF($M38="","",_xlfn.LET(_xlpm.area,$O38,_xlpm.cnt,$N38,_xlpm.sizes,'Conduit Tables'!$C$20:$C$26,_xlpm.cap,IF(_xlpm.cnt=1,'Conduit Tables'!$I$20:$I$26,IF(_xlpm.cnt=2,'Conduit Tables'!$K$20:$K$26,'Conduit Tables'!$E$20:$E$26)),_xlfn.XLOOKUP(TRUE,IF(ISNUMBER(_xlpm.cap),_xlpm.cap>=_xlpm.area,FALSE),_xlpm.sizes,"No size")))} -> 1 1/4 | R38: {=IF($M38="","",_xlfn.LET(_xlpm.area,$O38,_xlpm.cnt,$N38,_xlpm.sizes,'Conduit Tables'!$C$30:$C$38,_xlpm.cap,IF(_xlpm.cnt=1,'Conduit Tables'!$I$30:$I$38,IF(_xlpm.cnt=2,'Conduit Tables'!$K$30:$K$38,'Conduit Tables'!$E$30:$E$38)),_xlfn.XLOOKUP(TRUE,IF(ISNUMBER(_xlpm.cap),_xlpm.cap>=_xlpm.area,FALSE),_xlpm.sizes,"No size")))} -> 3/4 | S38: 1 1/4
A39: TE-8 | E39: NO | F39: 4-20 mA | G39: 3 wire shielded | H39: Dek3C | I39: 1 | J39: RED | K39: R1 | M39: {=IFERROR(INDEX(_xlfn._xlws.SORT(_xlfn.UNIQUE(_xlfn._xlws.FILTER(_xlfn.VSTACK(Table3[[Conduit ]],Table3[Conduit Branch]),_xlfn.VSTACK(Table3[[Conduit ]],Table3[Conduit Branch])<>""))),ROWS($M$27:M39)),"")} -> R4 | N39: {=IF($M39="","",_xlfn.LET(_xlpm.item,$M39,_xlpm.qty,IF(Table3[Cable Qty]="",1,Table3[Cable Qty]),SUMPRODUCT(--(((Table3[[Conduit ]]=_xlpm.item)+(Table3[Conduit Branch]=_xlpm.item))>0),_xlpm.qty)))} -> 6 | O39: {=IF($M39="","",_xlfn.LET(_xlpm.item,$M39,_xlpm.diameters,_xlfn.XLOOKUP(Table3[Cable Designation]&"",Table6[Designation]&"",Table6[Nom Diameter],0),_xlpm.qty,IFERROR(Table3[Cable Qty],1),SUMPRODUCT(((Table3[[Conduit ]]=_xlpm.item)+(Table3[Conduit Branch]=_xlpm.item))*_xlpm.qty*PI()*(_xlpm.diameters/2)^2)))} -> 0.042529311 | P39: {=IF($M39="","",_xlfn.LET(_xlpm.area,$O39,_xlpm.cnt,$N39,_xlpm.sizes,'Conduit Tables'!$C$4:$C$16,_xlpm.cap,IF(_xlpm.cnt=1,'Conduit Tables'!$I$4:$I$16,IF(_xlpm.cnt=2,'Conduit Tables'!$K$4:$K$16,'Conduit Tables'!$E$4:$E$16)),_xlfn.XLOOKUP(TRUE,IF(ISNUMBER(_xlpm.cap),_xlpm.cap>=_xlpm.area,FALSE),_xlpm.sizes,"No size")))} -> ½ | Q39: {=IF($M39="","",_xlfn.LET(_xlpm.area,$O39,_xlpm.cnt,$N39,_xlpm.sizes,'Conduit Tables'!$C$20:$C$26,_xlpm.cap,IF(_xlpm.cnt=1,'Conduit Tables'!$I$20:$I$26,IF(_xlpm.cnt=2,'Conduit Tables'!$K$20:$K$26,'Conduit Tables'!$E$20:$E$26)),_xlfn.XLOOKUP(TRUE,IF(ISNUMBER(_xlpm.cap),_xlpm.cap>=_xlpm.area,FALSE),_xlpm.sizes,"No size")))} -> 3/8 | R39: {=IF($M39="","",_xlfn.LET(_xlpm.area,$O39,_xlpm.cnt,$N39,_xlpm.sizes,'Conduit Tables'!$C$30:$C$38,_xlpm.cap,IF(_xlpm.cnt=1,'Conduit Tables'!$I$30:$I$38,IF(_xlpm.cnt=2,'Conduit Tables'!$K$30:$K$38,'Conduit Tables'!$E$30:$E$38)),_xlfn.XLOOKUP(TRUE,IF(ISNUMBER(_xlpm.cap),_xlpm.cap>=_xlpm.area,FALSE),_xlpm.sizes,"No size")))} -> 3/8 | S39: 3/4
A40: TE-9 | E40: NO | F40: 4-20 mA | G40: 3 wire shielded | H40: Dek3C | I40: 1 | J40: RED | K40: R1 | M40: {=IFERROR(INDEX(_xlfn._xlws.SORT(_xlfn.UNIQUE(_xlfn._xlws.FILTER(_xlfn.VSTACK(Table3[[Conduit ]],Table3[Conduit Branch]),_xlfn.VSTACK(Table3[[Conduit ]],Table3[Conduit Branch])<>""))),ROWS($M$27:M40)),"")} -> R5 | N40: {=IF($M40="","",_xlfn.LET(_xlpm.item,$M40,_xlpm.qty,IF(Table3[Cable Qty]="",1,Table3[Cable Qty]),SUMPRODUCT(--(((Table3[[Conduit ]]=_xlpm.item)+(Table3[Conduit Branch]=_xlpm.item))>0),_xlpm.qty)))} -> 2 | O40: {=IF($M40="","",_xlfn.LET(_xlpm.item,$M40,_xlpm.diameters,_xlfn.XLOOKUP(Table3[Cable Designation]&"",Table6[Designation]&"",Table6[Nom Diameter],0),_xlpm.qty,IFERROR(Table3[Cable Qty],1),SUMPRODUCT(((Table3[[Conduit ]]=_xlpm.item)+(Table3[Conduit Branch]=_xlpm.item))*_xlpm.qty*PI()*(_xlpm.diameters/2)^2)))} -> 0.12938492 | P40: {=IF($M40="","",_xlfn.LET(_xlpm.area,$O40,_xlpm.cnt,$N40,_xlpm.sizes,'Conduit Tables'!$C$4:$C$16,_xlpm.cap,IF(_xlpm.cnt=1,'Conduit Tables'!$I$4:$I$16,IF(_xlpm.cnt=2,'Conduit Tables'!$K$4:$K$16,'Conduit Tables'!$E$4:$E$16)),_xlfn.XLOOKUP(TRUE,IF(ISNUMBER(_xlpm.cap),_xlpm.cap>=_xlpm.area,FALSE),_xlpm.sizes,"No size")))} -> ¾ | Q40: {=IF($M40="","",_xlfn.LET(_xlpm.area,$O40,_xlpm.cnt,$N40,_xlpm.sizes,'Conduit Tables'!$C$20:$C$26,_xlpm.cap,IF(_xlpm.cnt=1,'Conduit Tables'!$I$20:$I$26,IF(_xlpm.cnt=2,'Conduit Tables'!$K$20:$K$26,'Conduit Tables'!$E$20:$E$26)),_xlfn.XLOOKUP(TRUE,IF(ISNUMBER(_xlpm.cap),_xlpm.cap>=_xlpm.area,FALSE),_xlpm.sizes,"No size")))} -> 3/4 | R40: {=IF($M40="","",_xlfn.LET(_xlpm.area,$O40,_xlpm.cnt,$N40,_xlpm.sizes,'Conduit Tables'!$C$30:$C$38,_xlpm.cap,IF(_xlpm.cnt=1,'Conduit Tables'!$I$30:$I$38,IF(_xlpm.cnt=2,'Conduit Tables'!$K$30:$K$38,'Conduit Tables'!$E$30:$E$38)),_xlfn.XLOOKUP(TRUE,IF(ISNUMBER(_xlpm.cap),_xlpm.cap>=_xlpm.area,FALSE),_xlpm.sizes,"No size")))} -> 3/8 | S40: 3/4
A41: TE-10 | E41: NO | F41: 4-20 mA | G41: 3 wire shielded | H41: Dek3C | I41: 1 | J41: RED | K41: R1 | M41: {=IFERROR(INDEX(_xlfn._xlws.SORT(_xlfn.UNIQUE(_xlfn._xlws.FILTER(_xlfn.VSTACK(Table3[[Conduit ]],Table3[Conduit Branch]),_xlfn.VSTACK(Table3[[Conduit ]],Table3[Conduit Branch])<>""))),ROWS($M$27:M41)),"")} -> RED | N41: {=IF($M41="","",_xlfn.LET(_xlpm.item,$M41,_xlpm.qty,IF(Table3[Cable Qty]="",1,Table3[Cable Qty]),SUMPRODUCT(--(((Table3[[Conduit ]]=_xlpm.item)+(Table3[Conduit Branch]=_xlpm.item))>0),_xlpm.qty)))} -> 36 | O41: {=IF($M41="","",_xlfn.LET(_xlpm.item,$M41,_xlpm.diameters,_xlfn.XLOOKUP(Table3[Cable Designation]&"",Table6[Designation]&"",Table6[Nom Diameter],0),_xlpm.qty,IFERROR(Table3[Cable Qty],1),SUMPRODUCT(((Table3[[Conduit ]]=_xlpm.item)+(Table3[Conduit Branch]=_xlpm.item))*_xlpm.qty*PI()*(_xlpm.diameters/2)^2)))} -> 1.3229655 | P41: {=IF($M41="","",_xlfn.LET(_xlpm.area,$O41,_xlpm.cnt,$N41,_xlpm.sizes,'Conduit Tables'!$C$4:$C$16,_xlpm.cap,IF(_xlpm.cnt=1,'Conduit Tables'!$I$4:$I$16,IF(_xlpm.cnt=2,'Conduit Tables'!$K$4:$K$16,'Conduit Tables'!$E$4:$E$16)),_xlfn.XLOOKUP(TRUE,IF(ISNUMBER(_xlpm.cap),_xlpm.cap>=_xlpm.area,FALSE),_xlpm.sizes,"No size")))} -> 2 | Q41: {=IF($M41="","",_xlfn.LET(_xlpm.area,$O41,_xlpm.cnt,$N41,_xlpm.sizes,'Conduit Tables'!$C$20:$C$26,_xlpm.cap,IF(_xlpm.cnt=1,'Conduit Tables'!$I$20:$I$26,IF(_xlpm.cnt=2,'Conduit Tables'!$K$20:$K$26,'Conduit Tables'!$E$20:$E$26)),_xlfn.XLOOKUP(TRUE,IF(ISNUMBER(_xlpm.cap),_xlpm.cap>=_xlpm.area,FALSE),_xlpm.sizes,"No size")))} -> 2 | R41: {=IF($M41="","",_xlfn.LET(_xlpm.area,$O41,_xlpm.cnt,$N41,_xlpm.sizes,'Conduit Tables'!$C$30:$C$38,_xlpm.cap,IF(_xlpm.cnt=1,'Conduit Tables'!$I$30:$I$38,IF(_xlpm.cnt=2,'Conduit Tables'!$K$30:$K$38,'Conduit Tables'!$E$30:$E$38)),_xlfn.XLOOKUP(TRUE,IF(ISNUMBER(_xlpm.cap),_xlpm.cap>=_xlpm.area,FALSE),_xlpm.sizes,"No size")))} -> 1 1/2 | S41: 2
A42: TE-11 | E42: NO | F42: 4-20 mA | G42: 3 wire shielded | H42: Dek3C | I42: 1 | J42: RED | K42: R1 | M42: {=IFERROR(INDEX(_xlfn._xlws.SORT(_xlfn.UNIQUE(_xlfn._xlws.FILTER(_xlfn.VSTACK(Table3[[Conduit ]],Table3[Conduit Branch]),_xlfn.VSTACK(Table3[[Conduit ]],Table3[Conduit Branch])<>""))),ROWS($M$27:M42)),"")} -> Y1 | N42: {=IF($M42="","",_xlfn.LET(_xlpm.item,$M42,_xlpm.qty,IF(Table3[Cable Qty]="",1,Table3[Cable Qty]),SUMPRODUCT(--(((Table3[[Conduit ]]=_xlpm.item)+(Table3[Conduit Branch]=_xlpm.item))>0),_xlpm.qty)))} -> 1 | O42: {=IF($M42="","",_xlfn.LET(_xlpm.item,$M42,_xlpm.diameters,_xlfn.XLOOKUP(Table3[Cable Designation]&"",Table6[Designation]&"",Table6[Nom Diameter],0),_xlpm.qty,IFERROR(Table3[Cable Qty],1),SUMPRODUCT(((Table3[[Conduit ]]=_xlpm.item)+(Table3[Conduit Branch]=_xlpm.item))*_xlpm.qty*PI()*(_xlpm.diameters/2)^2)))} -> 0.064692461 | P42: {=IF($M42="","",_xlfn.LET(_xlpm.area,$O42,_xlpm.cnt,$N42,_xlpm.sizes,'Conduit Tables'!$C$4:$C$16,_xlpm.cap,IF(_xlpm.cnt=1,'Conduit Tables'!$I$4:$I$16,IF(_xlpm.cnt=2,'Conduit Tables'!$K$4:$K$16,'Conduit Tables'!$E$4:$E$16)),_xlfn.XLOOKUP(TRUE,IF(ISNUMBER(_xlpm.cap),_xlpm.cap>=_xlpm.area,FALSE),_xlpm.sizes,"No size")))} -> ½ | Q42: {=IF($M42="","",_xlfn.LET(_xlpm.area,$O42,_xlpm.cnt,$N42,_xlpm.sizes,'Conduit Tables'!$C$20:$C$26,_xlpm.cap,IF(_xlpm.cnt=1,'Conduit Tables'!$I$20:$I$26,IF(_xlpm.cnt=2,'Conduit Tables'!$K$20:$K$26,'Conduit Tables'!$E$20:$E$26)),_xlfn.XLOOKUP(TRUE,IF(ISNUMBER(_xlpm.cap),_xlpm.cap>=_xlpm.area,FALSE),_xlpm.sizes,"No size")))} -> 3/8 | R42: {=IF($M42="","",_xlfn.LET(_xlpm.area,$O42,_xlpm.cnt,$N42,_xlpm.sizes,'Conduit Tables'!$C$30:$C$38,_xlpm.cap,IF(_xlpm.cnt=1,'Conduit Tables'!$I$30:$I$38,IF(_xlpm.cnt=2,'Conduit Tables'!$K$30:$K$38,'Conduit Tables'!$E$30:$E$38)),_xlfn.XLOOKUP(TRUE,IF(ISNUMBER(_xlpm.cap),_xlpm.cap>=_xlpm.area,FALSE),_xlpm.sizes,"No size")))} -> 3/8 | S42: 3/4
A43: TE-12 | E43: NO | F43: 4-20 mA | G43: 3 wire shielded | H43: Dek3C | I43: 1 | J43: RED | K43: R1 | M43: {=IFERROR(INDEX(_xlfn._xlws.SORT(_xlfn.UNIQUE(_xlfn._xlws.FILTER(_xlfn.VSTACK(Table3[[Conduit ]],Table3[Conduit Branch]),_xlfn.VSTACK(Table3[[Conduit ]],Table3[Conduit Branch])<>""))),ROWS($M$27:M43)),"")} -> Y2 | N43: {=IF($M43="","",_xlfn.LET(_xlpm.item,$M43,_xlpm.qty,IF(Table3[Cable Qty]="",1,Table3[Cable Qty]),SUMPRODUCT(--(((Table3[[Conduit ]]=_xlpm.item)+(Table3[Conduit Branch]=_xlpm.item))>0),_xlpm.qty)))} -> 2 | O43: {=IF($M43="","",_xlfn.LET(_xlpm.item,$M43,_xlpm.diameters,_xlfn.XLOOKUP(Table3[Cable Designation]&"",Table6[Designation]&"",Table6[Nom Diameter],0),_xlpm.qty,IFERROR(Table3[Cable Qty],1),SUMPRODUCT(((Table3[[Conduit ]]=_xlpm.item)+(Table3[Conduit Branch]=_xlpm.item))*_xlpm.qty*PI()*(_xlpm.diameters/2)^2)))} -> 0.12938492 | P43: {=IF($M43="","",_xlfn.LET(_xlpm.area,$O43,_xlpm.cnt,$N43,_xlpm.sizes,'Conduit Tables'!$C$4:$C$16,_xlpm.cap,IF(_xlpm.cnt=1,'Conduit Tables'!$I$4:$I$16,IF(_xlpm.cnt=2,'Conduit Tables'!$K$4:$K$16,'Conduit Tables'!$E$4:$E$16)),_xlfn.XLOOKUP(TRUE,IF(ISNUMBER(_xlpm.cap),_xlpm.cap>=_xlpm.area,FALSE),_xlpm.sizes,"No size")))} -> ¾ | Q43: {=IF($M43="","",_xlfn.LET(_xlpm.area,$O43,_xlpm.cnt,$N43,_xlpm.sizes,'Conduit Tables'!$C$20:$C$26,_xlpm.cap,IF(_xlpm.cnt=1,'Conduit Tables'!$I$20:$I$26,IF(_xlpm.cnt=2,'Conduit Tables'!$K$20:$K$26,'Conduit Tables'!$E$20:$E$26)),_xlfn.XLOOKUP(TRUE,IF(ISNUMBER(_xlpm.cap),_xlpm.cap>=_xlpm.area,FALSE),_xlpm.sizes,"No size")))} -> 3/4 | R43: {=IF($M43="","",_xlfn.LET(_xlpm.area,$O43,_xlpm.cnt,$N43,_xlpm.sizes,'Conduit Tables'!$C$30:$C$38,_xlpm.cap,IF(_xlpm.cnt=1,'Conduit Tables'!$I$30:$I$38,IF(_xlpm.cnt=2,'Conduit Tables'!$K$30:$K$38,'Conduit Tables'!$E$30:$E$38)),_xlfn.XLOOKUP(TRUE,IF(ISNUMBER(_xlpm.cap),_xlpm.cap>=_xlpm.area,FALSE),_xlpm.sizes,"No size")))} -> 3/8 | S43: 3/4
A44: TE-13 | E44: NO | F44: 4-20 mA | G44: 3 wire shielded | H44: Dek3C | I44: 1 | J44: RED | K44: R1 | M44: {=IFERROR(INDEX(_xlfn._xlws.SORT(_xlfn.UNIQUE(_xlfn._xlws.FILTER(_xlfn.VSTACK(Table3[[Conduit ]],Table3[Conduit Branch]),_xlfn.VSTACK(Table3[[Conduit ]],Table3[Conduit Branch])<>""))),ROWS($M$27:M44)),"")} -> Y3 | N44: {=IF($M44="","",_xlfn.LET(_xlpm.item,$M44,_xlpm.qty,IF(Table3[Cable Qty]="",1,Table3[Cable Qty]),SUMPRODUCT(--(((Table3[[Conduit ]]=_xlpm.item)+(Table3[Conduit Branch]=_xlpm.item))>0),_xlpm.qty)))} -> 16 | O44: {=IF($M44="","",_xlfn.LET(_xlpm.item,$M44,_xlpm.diameters,_xlfn.XLOOKUP(Table3[Cable Designation]&"",Table6[Designation]&"",Table6[Nom Diameter],0),_xlpm.qty,IFERROR(Table3[Cable Qty],1),SUMPRODUCT(((Table3[[Conduit ]]=_xlpm.item)+(Table3[Conduit Branch]=_xlpm.item))*_xlpm.qty*PI()*(_xlpm.diameters/2)^2)))} -> 0.11341149 | P44: {=IF($M44="","",_xlfn.LET(_xlpm.area,$O44,_xlpm.cnt,$N44,_xlpm.sizes,'Conduit Tables'!$C$4:$C$16,_xlpm.cap,IF(_xlpm.cnt=1,'Conduit Tables'!$I$4:$I$16,IF(_xlpm.cnt=2,'Conduit Tables'!$K$4:$K$16,'Conduit Tables'!$E$4:$E$16)),_xlfn.XLOOKUP(TRUE,IF(ISNUMBER(_xlpm.cap),_xlpm.cap>=_xlpm.area,FALSE),_xlpm.sizes,"No size")))} -> ½ | Q44: {=IF($M44="","",_xlfn.LET(_xlpm.area,$O44,_xlpm.cnt,$N44,_xlpm.sizes,'Conduit Tables'!$C$20:$C$26,_xlpm.cap,IF(_xlpm.cnt=1,'Conduit Tables'!$I$20:$I$26,IF(_xlpm.cnt=2,'Conduit Tables'!$K$20:$K$26,'Conduit Tables'!$E$20:$E$26)),_xlfn.XLOOKUP(TRUE,IF(ISNUMBER(_xlpm.cap),_xlpm.cap>=_xlpm.area,FALSE),_xlpm.sizes,"No size")))} -> 1/2 | R44: {=IF($M44="","",_xlfn.LET(_xlpm.area,$O44,_xlpm.cnt,$N44,_xlpm.sizes,'Conduit Tables'!$C$30:$C$38,_xlpm.cap,IF(_xlpm.cnt=1,'Conduit Tables'!$I$30:$I$38,IF(_xlpm.cnt=2,'Conduit Tables'!$K$30:$K$38,'Conduit Tables'!$E$30:$E$38)),_xlfn.XLOOKUP(TRUE,IF(ISNUMBER(_xlpm.cap),_xlpm.cap>=_xlpm.area,FALSE),_xlpm.sizes,"No size")))} -> 3/8 | S44: 3/4
... A48: LSHH-1 N.O | E48: NO | F48: DIGITAL CONTACT | G48: 2 wire | H48: Alan16 | I48: 2 | J48: YELLOW | K48: Y3 | M48: {=IFERROR(INDEX(_xlfn._xlws.SORT(_xlfn.UNIQUE(_xlfn._xlws.FILTER(_xlfn.VSTACK(Table3[[Conduit ]],Table3[Conduit Branch]),_xlfn.VSTACK(Table3[[Conduit ]],Table3[Conduit Branch])<>""))),ROWS($M$27:M48)),"")} -> YELLOW | N48: {=IF($M48="","",_xlfn.LET(_xlpm.item,$M48,_xlpm.qty,IF(Table3[Cable Qty]="",1,Table3[Cable Qty]),SUMPRODUCT(--(((Table3[[Conduit ]]=_xlpm.item)+(Table3[Conduit Branch]=_xlpm.item))>0),_xlpm.qty)))} -> 53 | O48: {=IF($M48="","",_xlfn.LET(_xlpm.item,$M48,_xlpm.diameters,_xlfn.XLOOKUP(Table3[Cable Designation]&"",Table6[Designation]&"",Table6[Nom Diameter],0),_xlpm.qty,IFERROR(Table3[Cable Qty],1),SUMPRODUCT(((Table3[[Conduit ]]=_xlpm.item)+(Table3[Conduit Branch]=_xlpm.item))*_xlpm.qty*PI()*(_xlpm.diameters/2)^2)))} -> 1.0093222 | P48: {=IF($M48="","",_xlfn.LET(_xlpm.area,$O48,_xlpm.cnt,$N48,_xlpm.sizes,'Conduit Tables'!$C$4:$C$16,_xlpm.cap,IF(_xlpm.cnt=1,'Conduit Tables'!$I$4:$I$16,IF(_xlpm.cnt=2,'Conduit Tables'!$K$4:$K$16,'Conduit Tables'!$E$4:$E$16)),_xlfn.XLOOKUP(TRUE,IF(ISNUMBER(_xlpm.cap),_xlpm.cap>=_xlpm.area,FALSE),_xlpm.sizes,"No size")))} -> 2 | Q48: {=IF($M48="","",_xlfn.LET(_xlpm.area,$O48,_xlpm.cnt,$N48,_xlpm.sizes,'Conduit Tables'!$C$20:$C$26,_xlpm.cap,IF(_xlpm.cnt=1,'Conduit Tables'!$I$20:$I$26,IF(_xlpm.cnt=2,'Conduit Tables'!$K$20:$K$26,'Conduit Tables'!$E$20:$E$26)),_xlfn.XLOOKUP(TRUE,IF(ISNUMBER(_xlpm.cap),_xlpm.cap>=_xlpm.area,FALSE),_xlpm.sizes,"No size")))} -> 2 | R48: {=IF($M48="","",_xlfn.LET(_xlpm.area,$O48,_xlpm.cnt,$N48,_xlpm.sizes,'Conduit Tables'!$C$30:$C$38,_xlpm.cap,IF(_xlpm.cnt=1,'Conduit Tables'!$I$30:$I$38,IF(_xlpm.cnt=2,'Conduit Tables'!$K$30:$K$38,'Conduit Tables'!$E$30:$E$38)),_xlfn.XLOOKUP(TRUE,IF(ISNUMBER(_xlpm.cap),_xlpm.cap>=_xlpm.area,FALSE),_xlpm.sizes,"No size")))} -> 1 1/4 | S48: 2
A49: LSHH-2 N.C | E49: NO | F49: DIGITAL CONTACT | G49: 2 wire | H49: Alan16 | I49: 2 | J49: YELLOW | K49: Y3 | M49: {=IFERROR(INDEX(_xlfn._xlws.SORT(_xlfn.UNIQUE(_xlfn._xlws.FILTER(_xlfn.VSTACK(Table3[[Conduit ]],Table3[Conduit Branch]),_xlfn.VSTACK(Table3[[Conduit ]],Table3[Conduit Branch])<>""))),ROWS($M$27:M49)),"")} | N49: =IF($M49="","",COUNTIF(Table3[[Conduit ]],$M49)+COUNTIF(Table3[Conduit Branch],$M49)) | O49: {=IF($M49="","",_xlfn.LET(_xlpm.item,$M49,_xlpm.diameters,_xlfn.XLOOKUP(Table3[Cable Designation]&"",Table6[Designation]&"",Table6[Nom Diameter],0),SUMPRODUCT(((Table3[[Conduit ]]=_xlpm.item)+(Table3[Conduit Branch]=_xlpm.item))*PI()*(_xlpm.diameters/2)^2)))} | P49: {=IF($M49="","",_xlfn.LET(_xlpm.area,$O49,_xlpm.cnt,$N49,_xlpm.sizes,'Conduit Tables'!$C$4:$C$16,_xlpm.cap,IF(_xlpm.cnt=1,'Conduit Tables'!$I$4:$I$16,IF(_xlpm.cnt=2,'Conduit Tables'!$K$4:$K$16,'Conduit Tables'!$E$4:$E$16)),_xlfn.XLOOKUP(TRUE,IF(ISNUMBER(_xlpm.cap),_xlpm.cap>=_xlpm.area,FALSE),_xlpm.sizes,"No size")))} | Q49: {=IF($M49="","",_xlfn.LET(_xlpm.area,$O49,_xlpm.cnt,$N49,_xlpm.sizes,'Conduit Tables'!$C$20:$C$26,_xlpm.cap,IF(_xlpm.cnt=1,'Conduit Tables'!$I$20:$I$26,IF(_xlpm.cnt=2,'Conduit Tables'!$K$20:$K$26,'Conduit Tables'!$E$20:$E$26)),_xlfn.XLOOKUP(TRUE,IF(ISNUMBER(_xlpm.cap),_xlpm.cap>=_xlpm.area,FALSE),_xlpm.sizes,"No size")))} | R49: {=IF($M49="","",_xlfn.LET(_xlpm.area,$O49,_xlpm.cnt,$N49,_xlpm.sizes,'Conduit Tables'!$C$30:$C$38,_xlpm.cap,IF(_xlpm.cnt=1,'Conduit Tables'!$I$30:$I$38,IF(_xlpm.cnt=2,'Conduit Tables'!$K$30:$K$38,'Conduit Tables'!$E$30:$E$38)),_xlfn.XLOOKUP(TRUE,IF(ISNUMBER(_xlpm.cap),_xlpm.cap>=_xlpm.area,FALSE),_xlpm.sizes,"No size")))}
A50: LSHH-2 N.O | E50: NO | F50: DIGITAL CONTACT | G50: 2 wire | H50: Alan16 | I50: 2 | J50: YELLOW | K50: Y3 | M50: {=IFERROR(INDEX(_xlfn._xlws.SORT(_xlfn.UNIQUE(_xlfn._xlws.FILTER(_xlfn.VSTACK(Table3[[Conduit ]],Table3[Conduit Branch]),_xlfn.VSTACK(Table3[[Conduit ]],Table3[Conduit Branch])<>""))),ROWS($M$27:M50)),"")} | N50: =IF($M50="","",COUNTIF(Table3[[Conduit ]],$M50)+COUNTIF(Table3[Conduit Branch],$M50)) | O50: {=IF($M50="","",_xlfn.LET(_xlpm.item,$M50,_xlpm.diameters,_xlfn.XLOOKUP(Table3[Cable Designation]&"",Table6[Designation]&"",Table6[Nom Diameter],0),SUMPRODUCT(((Table3[[Conduit ]]=_xlpm.item)+(Table3[Conduit Branch]=_xlpm.item))*PI()*(_xlpm.diameters/2)^2)))} | P50: {=IF($M50="","",_xlfn.LET(_xlpm.area,$O50,_xlpm.cnt,$N50,_xlpm.sizes,'Conduit Tables'!$C$4:$C$16,_xlpm.cap,IF(_xlpm.cnt=1,'Conduit Tables'!$I$4:$I$16,IF(_xlpm.cnt=2,'Conduit Tables'!$K$4:$K$16,'Conduit Tables'!$E$4:$E$16)),_xlfn.XLOOKUP(TRUE,IF(ISNUMBER(_xlpm.cap),_xlpm.cap>=_xlpm.area,FALSE),_xlpm.sizes,"No size")))} | Q50: {=IF($M50="","",_xlfn.LET(_xlpm.area,$O50,_xlpm.cnt,$N50,_xlpm.sizes,'Conduit Tables'!$C$20:$C$26,_xlpm.cap,IF(_xlpm.cnt=1,'Conduit Tables'!$I$20:$I$26,IF(_xlpm.cnt=2,'Conduit Tables'!$K$20:$K$26,'Conduit Tables'!$E$20:$E$26)),_xlfn.XLOOKUP(TRUE,IF(ISNUMBER(_xlpm.cap),_xlpm.cap>=_xlpm.area,FALSE),_xlpm.sizes,"No size")))} | R50: {=IF($M50="","",_xlfn.LET(_xlpm.area,$O50,_xlpm.cnt,$N50,_xlpm.sizes,'Conduit Tables'!$C$30:$C$38,_xlpm.cap,IF(_xlpm.cnt=1,'Conduit Tables'!$I$30:$I$38,IF(_xlpm.cnt=2,'Conduit Tables'!$K$30:$K$38,'Conduit Tables'!$E$30:$E$38)),_xlfn.XLOOKUP(TRUE,IF(ISNUMBER(_xlpm.cap),_xlpm.cap>=_xlpm.area,FALSE),_xlpm.sizes,"No size")))}
A51: LSHH-1 PW | E51: NO | F51: DIGITAL CONTACT | G51: 2 wire | H51: Alan16 | I51: 2 | J51: YELLOW | K51: Y3 | M51: {=IFERROR(INDEX(_xlfn._xlws.SORT(_xlfn.UNIQUE(_xlfn._xlws.FILTER(_xlfn.VSTACK(Table3[[Conduit ]],Table3[Conduit Branch]),_xlfn.VSTACK(Table3[[Conduit ]],Table3[Conduit Branch])<>""))),ROWS($M$27:M51)),"")} | N51: =IF($M51="","",COUNTIF(Table3[[Conduit ]],$M51)+COUNTIF(Table3[Conduit Branch],$M51)) | O51: {=IF($M51="","",_xlfn.LET(_xlpm.item,$M51,_xlpm.diameters,_xlfn.XLOOKUP(Table3[Cable Designation]&"",Table6[Designation]&"",Table6[Nom Diameter],0),SUMPRODUCT(((Table3[[Conduit ]]=_xlpm.item)+(Table3[Conduit Branch]=_xlpm.item))*PI()*(_xlpm.diameters/2)^2)))} | P51: {=IF($M51="","",_xlfn.LET(_xlpm.area,$O51,_xlpm.cnt,$N51,_xlpm.sizes,'Conduit Tables'!$C$4:$C$16,_xlpm.cap,IF(_xlpm.cnt=1,'Conduit Tables'!$I$4:$I$16,IF(_xlpm.cnt=2,'Conduit Tables'!$K$4:$K$16,'Conduit Tables'!$E$4:$E$16)),_xlfn.XLOOKUP(TRUE,IF(ISNUMBER(_xlpm.cap),_xlpm.cap>=_xlpm.area,FALSE),_xlpm.sizes,"No size")))} | Q51: {=IF($M51="","",_xlfn.LET(_xlpm.area,$O51,_xlpm.cnt,$N51,_xlpm.sizes,'Conduit Tables'!$C$20:$C$26,_xlpm.cap,IF(_xlpm.cnt=1,'Conduit Tables'!$I$20:$I$26,IF(_xlpm.cnt=2,'Conduit Tables'!$K$20:$K$26,'Conduit Tables'!$E$20:$E$26)),_xlfn.XLOOKUP(TRUE,IF(ISNUMBER(_xlpm.cap),_xlpm.cap>=_xlpm.area,FALSE),_xlpm.sizes,"No size")))} | R51: {=IF($M51="","",_xlfn.LET(_xlpm.area,$O51,_xlpm.cnt,$N51,_xlpm.sizes,'Conduit Tables'!$C$30:$C$38,_xlpm.cap,IF(_xlpm.cnt=1,'Conduit Tables'!$I$30:$I$38,IF(_xlpm.cnt=2,'Conduit Tables'!$K$30:$K$38,'Conduit Tables'!$E$30:$E$38)),_xlfn.XLOOKUP(TRUE,IF(ISNUMBER(_xlpm.cap),_xlpm.cap>=_xlpm.area,FALSE),_xlpm.sizes,"No size")))}
A52: LSLL-1 PW | E52: NO | F52: DIGITAL CONTACT | G52: 2 wire | H52: Alan16 | I52: 2 | J52: YELLOW | K52: Y3 | M52: {=IFERROR(INDEX(_xlfn._xlws.SORT(_xlfn.UNIQUE(_xlfn._xlws.FILTER(_xlfn.VSTACK(Table3[[Conduit ]],Table3[Conduit Branch]),_xlfn.VSTACK(Table3[[Conduit ]],Table3[Conduit Branch])<>""))),ROWS($M$27:M52)),"")} | N52: =IF($M52="","",COUNTIF(Table3[[Conduit ]],$M52)+COUNTIF(Table3[Conduit Branch],$M52)) | O52: {=IF($M52="","",_xlfn.LET(_xlpm.item,$M52,_xlpm.diameters,_xlfn.XLOOKUP(Table3[Cable Designation]&"",Table6[Designation]&"",Table6[Nom Diameter],0),SUMPRODUCT(((Table3[[Conduit ]]=_xlpm.item)+(Table3[Conduit Branch]=_xlpm.item))*PI()*(_xlpm.diameters/2)^2)))} | P52: {=IF($M52="","",_xlfn.LET(_xlpm.area,$O52,_xlpm.cnt,$N52,_xlpm.sizes,'Conduit Tables'!$C$4:$C$16,_xlpm.cap,IF(_xlpm.cnt=1,'Conduit Tables'!$I$4:$I$16,IF(_xlpm.cnt=2,'Conduit Tables'!$K$4:$K$16,'Conduit Tables'!$E$4:$E$16)),_xlfn.XLOOKUP(TRUE,IF(ISNUMBER(_xlpm.cap),_xlpm.cap>=_xlpm.area,FALSE),_xlpm.sizes,"No size")))} | Q52: {=IF($M52="","",_xlfn.LET(_xlpm.area,$O52,_xlpm.cnt,$N52,_xlpm.sizes,'Conduit Tables'!$C$20:$C$26,_xlpm.cap,IF(_xlpm.cnt=1,'Conduit Tables'!$I$20:$I$26,IF(_xlpm.cnt=2,'Conduit Tables'!$K$20:$K$26,'Conduit Tables'!$E$20:$E$26)),_xlfn.XLOOKUP(TRUE,IF(ISNUMBER(_xlpm.cap),_xlpm.cap>=_xlpm.area,FALSE),_xlpm.sizes,"No size")))} | R52: {=IF($M52="","",_xlfn.LET(_xlpm.area,$O52,_xlpm.cnt,$N52,_xlpm.sizes,'Conduit Tables'!$C$30:$C$38,_xlpm.cap,IF(_xlpm.cnt=1,'Conduit Tables'!$I$30:$I$38,IF(_xlpm.cnt=2,'Conduit Tables'!$K$30:$K$38,'Conduit Tables'!$E$30:$E$38)),_xlfn.XLOOKUP(TRUE,IF(ISNUMBER(_xlpm.cap),_xlpm.cap>=_xlpm.area,FALSE),_xlpm.sizes,"No size")))}
A53: LSHH-2 PW | E53: NO | F53: DIGITAL CONTACT | G53: 2 wire | H53: Alan16 | I53: 2 | J53: YELLOW | K53: Y3 | M53: {=IFERROR(INDEX(_xlfn._xlws.SORT(_xlfn.UNIQUE(_xlfn._xlws.FILTER(_xlfn.VSTACK(Table3[[Conduit ]],Table3[Conduit Branch]),_xlfn.VSTACK(Table3[[Conduit ]],Table3[Conduit Branch])<>""))),ROWS($M$27:M53)),"")} | N53: =IF($M53="","",COUNTIF(Table3[[Conduit ]],$M53)+COUNTIF(Table3[Conduit Branch],$M53)) | O53: {=IF($M53="","",_xlfn.LET(_xlpm.item,$M53,_xlpm.diameters,_xlfn.XLOOKUP(Table3[Cable Designation]&"",Table6[Designation]&"",Table6[Nom Diameter],0),SUMPRODUCT(((Table3[[Conduit ]]=_xlpm.item)+(Table3[Conduit Branch]=_xlpm.item))*PI()*(_xlpm.diameters/2)^2)))} | P53: {=IF($M53="","",_xlfn.LET(_xlpm.area,$O53,_xlpm.cnt,$N53,_xlpm.sizes,'Conduit Tables'!$C$4:$C$16,_xlpm.cap,IF(_xlpm.cnt=1,'Conduit Tables'!$I$4:$I$16,IF(_xlpm.cnt=2,'Conduit Tables'!$K$4:$K$16,'Conduit Tables'!$E$4:$E$16)),_xlfn.XLOOKUP(TRUE,IF(ISNUMBER(_xlpm.cap),_xlpm.cap>=_xlpm.area,FALSE),_xlpm.sizes,"No size")))} | Q53: {=IF($M53="","",_xlfn.LET(_xlpm.area,$O53,_xlpm.cnt,$N53,_xlpm.sizes,'Conduit Tables'!$C$20:$C$26,_xlpm.cap,IF(_xlpm.cnt=1,'Conduit Tables'!$I$20:$I$26,IF(_xlpm.cnt=2,'Conduit Tables'!$K$20:$K$26,'Conduit Tables'!$E$20:$E$26)),_xlfn.XLOOKUP(TRUE,IF(ISNUMBER(_xlpm.cap),_xlpm.cap>=_xlpm.area,FALSE),_xlpm.sizes,"No size")))} | R53: {=IF($M53="","",_xlfn.LET(_xlpm.area,$O53,_xlpm.cnt,$N53,_xlpm.sizes,'Conduit Tables'!$C$30:$C$38,_xlpm.cap,IF(_xlpm.cnt=1,'Conduit Tables'!$I$30:$I$38,IF(_xlpm.cnt=2,'Conduit Tables'!$K$30:$K$38,'Conduit Tables'!$E$30:$E$38)),_xlfn.XLOOKUP(TRUE,IF(ISNUMBER(_xlpm.cap),_xlpm.cap>=_xlpm.area,FALSE),_xlpm.sizes,"No size")))}
A54: LSLL-2 PW | E54: NO | F54: DIGITAL CONTACT | G54: 2 wire | H54: Alan16 | I54: 2 | J54: YELLOW | K54: Y3 | M54: {=IFERROR(INDEX(_xlfn._xlws.SORT(_xlfn.UNIQUE(_xlfn._xlws.FILTER(_xlfn.VSTACK(Table3[[Conduit ]],Table3[Conduit Branch]),_xlfn.VSTACK(Table3[[Conduit ]],Table3[Conduit Branch])<>""))),ROWS($M$27:M54)),"")} | N54: =IF($M54="","",COUNTIF(Table3[[Conduit ]],$M54)+COUNTIF(Table3[Conduit Branch],$M54)) | O54: {=IF($M54="","",_xlfn.LET(_xlpm.item,$M54,_xlpm.diameters,_xlfn.XLOOKUP(Table3[Cable Designation]&"",Table6[Designation]&"",Table6[Nom Diameter],0),SUMPRODUCT(((Table3[[Conduit ]]=_xlpm.item)+(Table3[Conduit Branch]=_xlpm.item))*PI()*(_xlpm.diameters/2)^2)))} | P54: {=IF($M54="","",_xlfn.LET(_xlpm.area,$O54,_xlpm.cnt,$N54,_xlpm.sizes,'Conduit Tables'!$C$4:$C$16,_xlpm.cap,IF(_xlpm.cnt=1,'Conduit Tables'!$I$4:$I$16,IF(_xlpm.cnt=2,'Conduit Tables'!$K$4:$K$16,'Conduit Tables'!$E$4:$E$16)),_xlfn.XLOOKUP(TRUE,IF(ISNUMBER(_xlpm.cap),_xlpm.cap>=_xlpm.area,FALSE),_xlpm.sizes,"No size")))} | Q54: {=IF($M54="","",_xlfn.LET(_xlpm.area,$O54,_xlpm.cnt,$N54,_xlpm.sizes,'Conduit Tables'!$C$20:$C$26,_xlpm.cap,IF(_xlpm.cnt=1,'Conduit Tables'!$I$20:$I$26,IF(_xlpm.cnt=2,'Conduit Tables'!$K$20:$K$26,'Conduit Tables'!$E$20:$E$26)),_xlfn.XLOOKUP(TRUE,IF(ISNUMBER(_xlpm.cap),_xlpm.cap>=_xlpm.area,FALSE),_xlpm.sizes,"No size")))} | R54: {=IF($M54="","",_xlfn.LET(_xlpm.area,$O54,_xlpm.cnt,$N54,_xlpm.sizes,'Conduit Tables'!$C$30:$C$38,_xlpm.cap,IF(_xlpm.cnt=1,'Conduit Tables'!$I$30:$I$38,IF(_xlpm.cnt=2,'Conduit Tables'!$K$30:$K$38,'Conduit Tables'!$E$30:$E$38)),_xlfn.XLOOKUP(TRUE,IF(ISNUMBER(_xlpm.cap),_xlpm.cap>=_xlpm.area,FALSE),_xlpm.sizes,"No size")))}
A55: ZSO-073 | E55: NO | F55: 4-20 mA | G55: 2 wire | H55: Alan16 | I55: 2 | J55: YELLOW | K55: Y6 | M55: {=IFERROR(INDEX(_xlfn._xlws.SORT(_xlfn.UNIQUE(_xlfn._xlws.FILTER(_xlfn.VSTACK(Table3[[Conduit ]],Table3[Conduit Branch]),_xlfn.VSTACK(Table3[[Conduit ]],Table3[Conduit Branch])<>""))),ROWS($M$27:M55)),"")} | N55: =IF($M55="","",COUNTIF(Table3[[Conduit ]],$M55)+COUNTIF(Table3[Conduit Branch],$M55)) | O55: {=IF($M55="","",_xlfn.LET(_xlpm.item,$M55,_xlpm.diameters,_xlfn.XLOOKUP(Table3[Cable Designation]&"",Table6[Designation]&"",Table6[Nom Diameter],0),SUMPRODUCT(((Table3[[Conduit ]]=_xlpm.item)+(Table3[Conduit Branch]=_xlpm.item))*PI()*(_xlpm.diameters/2)^2)))} | P55: {=IF($M55="","",_xlfn.LET(_xlpm.area,$O55,_xlpm.cnt,$N55,_xlpm.sizes,'Conduit Tables'!$C$4:$C$16,_xlpm.cap,IF(_xlpm.cnt=1,'Conduit Tables'!$I$4:$I$16,IF(_xlpm.cnt=2,'Conduit Tables'!$K$4:$K$16,'Conduit Tables'!$E$4:$E$16)),_xlfn.XLOOKUP(TRUE,IF(ISNUMBER(_xlpm.cap),_xlpm.cap>=_xlpm.area,FALSE),_xlpm.sizes,"No size")))} | Q55: {=IF($M55="","",_xlfn.LET(_xlpm.area,$O55,_xlpm.cnt,$N55,_xlpm.sizes,'Conduit Tables'!$C$20:$C$26,_xlpm.cap,IF(_xlpm.cnt=1,'Conduit Tables'!$I$20:$I$26,IF(_xlpm.cnt=2,'Conduit Tables'!$K$20:$K$26,'Conduit Tables'!$E$20:$E$26)),_xlfn.XLOOKUP(TRUE,IF(ISNUMBER(_xlpm.cap),_xlpm.cap>=_xlpm.area,FALSE),_xlpm.sizes,"No size")))} | R55: {=IF($M55="","",_xlfn.LET(_xlpm.area,$O55,_xlpm.cnt,$N55,_xlpm.sizes,'Conduit Tables'!$C$30:$C$38,_xlpm.cap,IF(_xlpm.cnt=1,'Conduit Tables'!$I$30:$I$38,IF(_xlpm.cnt=2,'Conduit Tables'!$K$30:$K$38,'Conduit Tables'!$E$30:$E$38)),_xlfn.XLOOKUP(TRUE,IF(ISNUMBER(_xlpm.cap),_xlpm.cap>=_xlpm.area,FALSE),_xlpm.sizes,"No size")))}
A56: ZSC-073 | E56: NO | F56: 4-20 mA | G56: 2 wire | H56: Alan16 | I56: 2 | J56: YELLOW | K56: Y6 | M56: {=IFERROR(INDEX(_xlfn._xlws.SORT(_xlfn.UNIQUE(_xlfn._xlws.FILTER(_xlfn.VSTACK(Table3[[Conduit ]],Table3[Conduit Branch]),_xlfn.VSTACK(Table3[[Conduit ]],Table3[Conduit Branch])<>""))),ROWS($M$27:M56)),"")} | N56: =IF($M56="","",COUNTIF(Table3[[Conduit ]],$M56)+COUNTIF(Table3[Conduit Branch],$M56)) | O56: {=IF($M56="","",_xlfn.LET(_xlpm.item,$M56,_xlpm.diameters,_xlfn.XLOOKUP(Table3[Cable Designation]&"",Table6[Designation]&"",Table6[Nom Diameter],0),SUMPRODUCT(((Table3[[Conduit ]]=_xlpm.item)+(Table3[Conduit Branch]=_xlpm.item))*PI()*(_xlpm.diameters/2)^2)))} | P56: {=IF($M56="","",_xlfn.LET(_xlpm.area,$O56,_xlpm.cnt,$N56,_xlpm.sizes,'Conduit Tables'!$C$4:$C$16,_xlpm.cap,IF(_xlpm.cnt=1,'Conduit Tables'!$I$4:$I$16,IF(_xlpm.cnt=2,'Conduit Tables'!$K$4:$K$16,'Conduit Tables'!$E$4:$E$16)),_xlfn.XLOOKUP(TRUE,IF(ISNUMBER(_xlpm.cap),_xlpm.cap>=_xlpm.area,FALSE),_xlpm.sizes,"No size")))} | Q56: {=IF($M56="","",_xlfn.LET(_xlpm.area,$O56,_xlpm.cnt,$N56,_xlpm.sizes,'Conduit Tables'!$C$20:$C$26,_xlpm.cap,IF(_xlpm.cnt=1,'Conduit Tables'!$I$20:$I$26,IF(_xlpm.cnt=2,'Conduit Tables'!$K$20:$K$26,'Conduit Tables'!$E$20:$E$26)),_xlfn.XLOOKUP(TRUE,IF(ISNUMBER(_xlpm.cap),_xlpm.cap>=_xlpm.area,FALSE),_xlpm.sizes,"No size")))} | R56: {=IF($M56="","",_xlfn.LET(_xlpm.area,$O56,_xlpm.cnt,$N56,_xlpm.sizes,'Conduit Tables'!$C$30:$C$38,_xlpm.cap,IF(_xlpm.cnt=1,'Conduit Tables'!$I$30:$I$38,IF(_xlpm.cnt=2,'Conduit Tables'!$K$30:$K$38,'Conduit Tables'!$E$30:$E$38)),_xlfn.XLOOKUP(TRUE,IF(ISNUMBER(_xlpm.cap),_xlpm.cap>=_xlpm.area,FALSE),_xlpm.sizes,"No size")))}
A57: ZSO-074 | E57: NO | F57: 4-20 mA | G57: 2 wire | H57: Alan16 | I57: 2 | J57: YELLOW | K57: Y4 | M57: {=IFERROR(INDEX(_xlfn._xlws.SORT(_xlfn.UNIQUE(_xlfn._xlws.FILTER(_xlfn.VSTACK(Table3[[Conduit ]],Table3[Conduit Branch]),_xlfn.VSTACK(Table3[[Conduit ]],Table3[Conduit Branch])<>""))),ROWS($M$19:M57)),"")} | N57: =IF($M57="","",COUNTIF(Table3[[Conduit ]],$M57)+COUNTIF(Table3[Conduit Branch],$M57)) | O57: {=IF($M57="","",_xlfn.LET(_xlpm.item,$M57,_xlpm.diameters,_xlfn.XLOOKUP(Table3[Cable Designation]&"",Table6[Designation]&"",Table6[Nom Diameter],0),SUMPRODUCT(((Table3[[Conduit ]]=_xlpm.item)+(Table3[Conduit Branch]=_xlpm.item))*PI()*(_xlpm.diameters/2)^2)))} | P57: {=IF($M57="","",_xlfn.LET(_xlpm.area,$O57,_xlpm.cnt,$N57,_xlpm.sizes,'Conduit Tables'!$C$4:$C$16,_xlpm.cap,IF(_xlpm.cnt=1,'Conduit Tables'!$I$4:$I$16,IF(_xlpm.cnt=2,'Conduit Tables'!$K$4:$K$16,'Conduit Tables'!$E$4:$E$16)),_xlfn.XLOOKUP(TRUE,IF(ISNUMBER(_xlpm.cap),_xlpm.cap>=_xlpm.area,FALSE),_xlpm.sizes,"No size")))} | Q57: {=IF($M57="","",_xlfn.LET(_xlpm.area,$O57,_xlpm.cnt,$N57,_xlpm.sizes,'Conduit Tables'!$C$20:$C$26,_xlpm.cap,IF(_xlpm.cnt=1,'Conduit Tables'!$I$20:$I$26,IF(_xlpm.cnt=2,'Conduit Tables'!$K$20:$K$26,'Conduit Tables'!$E$20:$E$26)),_xlfn.XLOOKUP(TRUE,IF(ISNUMBER(_xlpm.cap),_xlpm.cap>=_xlpm.area,FALSE),_xlpm.sizes,"No size")))} | R57: {=IF($M57="","",_xlfn.LET(_xlpm.area,$O57,_xlpm.cnt,$N57,_xlpm.sizes,'Conduit Tables'!$C$30:$C$38,_xlpm.cap,IF(_xlpm.cnt=1,'Conduit Tables'!$I$30:$I$38,IF(_xlpm.cnt=2,'Conduit Tables'!$K$30:$K$38,'Conduit Tables'!$E$30:$E$38)),_xlfn.XLOOKUP(TRUE,IF(ISNUMBER(_xlpm.cap),_xlpm.cap>=_xlpm.area,FALSE),_xlpm.sizes,"No size")))}
A58: ZSC-074 | E58: NO | F58: 4-20 mA | G58: 2 wire | H58: Alan16 | I58: 2 | J58: YELLOW | K58: Y4 | M58: {=IFERROR(INDEX(_xlfn._xlws.SORT(_xlfn.UNIQUE(_xlfn._xlws.FILTER(_xlfn.VSTACK(Table3[[Conduit ]],Table3[Conduit Branch]),_xlfn.VSTACK(Table3[[Conduit ]],Table3[Conduit Branch])<>""))),ROWS($M$19:M58)),"")} | N58: =IF($M58="","",COUNTIF(Table3[[Conduit ]],$M58)+COUNTIF(Table3[Conduit Branch],$M58)) | O58: {=IF($M58="","",_xlfn.LET(_xlpm.item,$M58,_xlpm.diameters,_xlfn.XLOOKUP(Table3[Cable Designation]&"",Table6[Designation]&"",Table6[Nom Diameter],0),SUMPRODUCT(((Table3[[Conduit ]]=_xlpm.item)+(Table3[Conduit Branch]=_xlpm.item))*PI()*(_xlpm.diameters/2)^2)))} | P58: {=IF($M58="","",_xlfn.LET(_xlpm.area,$O58,_xlpm.cnt,$N58,_xlpm.sizes,'Conduit Tables'!$C$4:$C$16,_xlpm.cap,IF(_xlpm.cnt=1,'Conduit Tables'!$I$4:$I$16,IF(_xlpm.cnt=2,'Conduit Tables'!$K$4:$K$16,'Conduit Tables'!$E$4:$E$16)),_xlfn.XLOOKUP(TRUE,IF(ISNUMBER(_xlpm.cap),_xlpm.cap>=_xlpm.area,FALSE),_xlpm.sizes,"No size")))} | Q58: {=IF($M58="","",_xlfn.LET(_xlpm.area,$O58,_xlpm.cnt,$N58,_xlpm.sizes,'Conduit Tables'!$C$20:$C$26,_xlpm.cap,IF(_xlpm.cnt=1,'Conduit Tables'!$I$20:$I$26,IF(_xlpm.cnt=2,'Conduit Tables'!$K$20:$K$26,'Conduit Tables'!$E$20:$E$26)),_xlfn.XLOOKUP(TRUE,IF(ISNUMBER(_xlpm.cap),_xlpm.cap>=_xlpm.area,FALSE),_xlpm.sizes,"No size")))} | R58: {=IF($M58="","",_xlfn.LET(_xlpm.area,$O58,_xlpm.cnt,$N58,_xlpm.sizes,'Conduit Tables'!$C$30:$C$38,_xlpm.cap,IF(_xlpm.cnt=1,'Conduit Tables'!$I$30:$I$38,IF(_xlpm.cnt=2,'Conduit Tables'!$K$30:$K$38,'Conduit Tables'!$E$30:$E$38)),_xlfn.XLOOKUP(TRUE,IF(ISNUMBER(_xlpm.cap),_xlpm.cap>=_xlpm.area,FALSE),_xlpm.sizes,"No size")))}
A59: ZS0-072 | E59: NO | F59: 4-20 mA | G59: 2 wire | H59: Alan16 | I59: 2 | J59: YELLOW | K59: Y4 | M59: {=IFERROR(INDEX(_xlfn._xlws.SORT(_xlfn.UNIQUE(_xlfn._xlws.FILTER(_xlfn.VSTACK(Table3[[Conduit ]],Table3[Conduit Branch]),_xlfn.VSTACK(Table3[[Conduit ]],Table3[Conduit Branch])<>""))),ROWS($M$19:M59)),"")} | N59: =IF($M59="","",COUNTIF(Table3[[Conduit ]],$M59)+COUNTIF(Table3[Conduit Branch],$M59)) | O59: {=IF($M59="","",_xlfn.LET(_xlpm.item,$M59,_xlpm.diameters,_xlfn.XLOOKUP(Table3[Cable Designation]&"",Table6[Designation]&"",Table6[Nom Diameter],0),SUMPRODUCT(((Table3[[Conduit ]]=_xlpm.item)+(Table3[Conduit Branch]=_xlpm.item))*PI()*(_xlpm.diameters/2)^2)))} | P59: {=IF($M59="","",_xlfn.LET(_xlpm.area,$O59,_xlpm.cnt,$N59,_xlpm.sizes,'Conduit Tables'!$C$4:$C$16,_xlpm.cap,IF(_xlpm.cnt=1,'Conduit Tables'!$I$4:$I$16,IF(_xlpm.cnt=2,'Conduit Tables'!$K$4:$K$16,'Conduit Tables'!$E$4:$E$16)),_xlfn.XLOOKUP(TRUE,IF(ISNUMBER(_xlpm.cap),_xlpm.cap>=_xlpm.area,FALSE),_xlpm.sizes,"No size")))} | Q59: {=IF($M59="","",_xlfn.LET(_xlpm.area,$O59,_xlpm.cnt,$N59,_xlpm.sizes,'Conduit Tables'!$C$20:$C$26,_xlpm.cap,IF(_xlpm.cnt=1,'Conduit Tables'!$I$20:$I$26,IF(_xlpm.cnt=2,'Conduit Tables'!$K$20:$K$26,'Conduit Tables'!$E$20:$E$26)),_xlfn.XLOOKUP(TRUE,IF(ISNUMBER(_xlpm.cap),_xlpm.cap>=_xlpm.area,FALSE),_xlpm.sizes,"No size")))} | R59: {=IF($M59="","",_xlfn.LET(_xlpm.area,$O59,_xlpm.cnt,$N59,_xlpm.sizes,'Conduit Tables'!$C$30:$C$38,_xlpm.cap,IF(_xlpm.cnt=1,'Conduit Tables'!$I$30:$I$38,IF(_xlpm.cnt=2,'Conduit Tables'!$K$30:$K$38,'Conduit Tables'!$E$30:$E$38)),_xlfn.XLOOKUP(TRUE,IF(ISNUMBER(_xlpm.cap),_xlpm.cap>=_xlpm.area,FALSE),_xlpm.sizes,"No size")))}
A60: ZSC-072 | E60: NO | F60: 4-20 mA | G60: 2 wire | H60: Alan16 | I60: 2 | J60: YELLOW | K60: Y4 | M60: {=IFERROR(INDEX(_xlfn._xlws.SORT(_xlfn.UNIQUE(_xlfn._xlws.FILTER(_xlfn.VSTACK(Table3[[Conduit ]],Table3[Conduit Branch]),_xlfn.VSTACK(Table3[[Conduit ]],Table3[Conduit Branch])<>""))),ROWS($M$19:M60)),"")} | N60: =IF($M60="","",COUNTIF(Table3[[Conduit ]],$M60)+COUNTIF(Table3[Conduit Branch],$M60)) | O60: {=IF($M60="","",_xlfn.LET(_xlpm.item,$M60,_xlpm.diameters,_xlfn.XLOOKUP(Table3[Cable Designation]&"",Table6[Designation]&"",Table6[Nom Diameter],0),SUMPRODUCT(((Table3[[Conduit ]]=_xlpm.item)+(Table3[Conduit Branch]=_xlpm.item))*PI()*(_xlpm.diameters/2)^2)))} | P60: {=IF($M60="","",_xlfn.LET(_xlpm.area,$O60,_xlpm.cnt,$N60,_xlpm.sizes,'Conduit Tables'!$C$4:$C$16,_xlpm.cap,IF(_xlpm.cnt=1,'Conduit Tables'!$I$4:$I$16,IF(_xlpm.cnt=2,'Conduit Tables'!$K$4:$K$16,'Conduit Tables'!$E$4:$E$16)),_xlfn.XLOOKUP(TRUE,IF(ISNUMBER(_xlpm.cap),_xlpm.cap>=_xlpm.area,FALSE),_xlpm.sizes,"No size")))} | Q60: {=IF($M60="","",_xlfn.LET(_xlpm.area,$O60,_xlpm.cnt,$N60,_xlpm.sizes,'Conduit Tables'!$C$20:$C$26,_xlpm.cap,IF(_xlpm.cnt=1,'Conduit Tables'!$I$20:$I$26,IF(_xlpm.cnt=2,'Conduit Tables'!$K$20:$K$26,'Conduit Tables'!$E$20:$E$26)),_xlfn.XLOOKUP(TRUE,IF(ISNUMBER(_xlpm.cap),_xlpm.cap>=_xlpm.area,FALSE),_xlpm.sizes,"No size")))} | R60: {=IF($M60="","",_xlfn.LET(_xlpm.area,$O60,_xlpm.cnt,$N60,_xlpm.sizes,'Conduit Tables'!$C$30:$C$38,_xlpm.cap,IF(_xlpm.cnt=1,'Conduit Tables'!$I$30:$I$38,IF(_xlpm.cnt=2,'Conduit Tables'!$K$30:$K$38,'Conduit Tables'!$E$30:$E$38)),_xlfn.XLOOKUP(TRUE,IF(ISNUMBER(_xlpm.cap),_xlpm.cap>=_xlpm.area,FALSE),_xlpm.sizes,"No size")))}
A61: SV-022 | E61: NO | F61: 4-20 mA | G61: 2 wire | H61: Alan16 | I61: 2 | J61: YELLOW | K61: Y5 | M61: {=IFERROR(INDEX(_xlfn._xlws.SORT(_xlfn.UNIQUE(_xlfn._xlws.FILTER(_xlfn.VSTACK(Table3[[Conduit ]],Table3[Conduit Branch]),_xlfn.VSTACK(Table3[[Conduit ]],Table3[Conduit Branch])<>""))),ROWS($M$19:M61)),"")} | N61: =IF($M61="","",COUNTIF(Table3[[Conduit ]],$M61)+COUNTIF(Table3[Conduit Branch],$M61)) | O61: {=IF($M61="","",_xlfn.LET(_xlpm.item,$M61,_xlpm.diameters,_xlfn.XLOOKUP(Table3[Cable Designation]&"",Table6[Designation]&"",Table6[Nom Diameter],0),SUMPRODUCT(((Table3[[Conduit ]]=_xlpm.item)+(Table3[Conduit Branch]=_xlpm.item))*PI()*(_xlpm.diameters/2)^2)))} | P61: {=IF($M61="","",_xlfn.LET(_xlpm.area,$O61,_xlpm.cnt,$N61,_xlpm.sizes,'Conduit Tables'!$C$4:$C$16,_xlpm.cap,IF(_xlpm.cnt=1,'Conduit Tables'!$I$4:$I$16,IF(_xlpm.cnt=2,'Conduit Tables'!$K$4:$K$16,'Conduit Tables'!$E$4:$E$16)),_xlfn.XLOOKUP(TRUE,IF(ISNUMBER(_xlpm.cap),_xlpm.cap>=_xlpm.area,FALSE),_xlpm.sizes,"No size")))} | Q61: {=IF($M61="","",_xlfn.LET(_xlpm.area,$O61,_xlpm.cnt,$N61,_xlpm.sizes,'Conduit Tables'!$C$20:$C$26,_xlpm.cap,IF(_xlpm.cnt=1,'Conduit Tables'!$I$20:$I$26,IF(_xlpm.cnt=2,'Conduit Tables'!$K$20:$K$26,'Conduit Tables'!$E$20:$E$26)),_xlfn.XLOOKUP(TRUE,IF(ISNUMBER(_xlpm.cap),_xlpm.cap>=_xlpm.area,FALSE),_xlpm.sizes,"No size")))} | R61: {=IF($M61="","",_xlfn.LET(_xlpm.area,$O61,_xlpm.cnt,$N61,_xlpm.sizes,'Conduit Tables'!$C$30:$C$38,_xlpm.cap,IF(_xlpm.cnt=1,'Conduit Tables'!$I$30:$I$38,IF(_xlpm.cnt=2,'Conduit Tables'!$K$30:$K$38,'Conduit Tables'!$E$30:$E$38)),_xlfn.XLOOKUP(TRUE,IF(ISNUMBER(_xlpm.cap),_xlpm.cap>=_xlpm.area,FALSE),_xlpm.sizes,"No size")))}
A62: SV-021 | E62: NO | F62: 4-20 mA | G62: 2 wire | H62: Alan16 | I62: 2 | J62: YELLOW | K62: Y5 | M62: {=IFERROR(INDEX(_xlfn._xlws.SORT(_xlfn.UNIQUE(_xlfn._xlws.FILTER(_xlfn.VSTACK(Table3[[Conduit ]],Table3[Conduit Branch]),_xlfn.VSTACK(Table3[[Conduit ]],Table3[Conduit Branch])<>""))),ROWS($M$19:M62)),"")} | N62: =IF($M62="","",COUNTIF(Table3[[Conduit ]],$M62)+COUNTIF(Table3[Conduit Branch],$M62)) | O62: {=IF($M62="","",_xlfn.LET(_xlpm.item,$M62,_xlpm.diameters,_xlfn.XLOOKUP(Table3[Cable Designation]&"",Table6[Designation]&"",Table6[Nom Diameter],0),SUMPRODUCT(((Table3[[Conduit ]]=_xlpm.item)+(Table3[Conduit Branch]=_xlpm.item))*PI()*(_xlpm.diameters/2)^2)))} | P62: {=IF($M62="","",_xlfn.LET(_xlpm.area,$O62,_xlpm.cnt,$N62,_xlpm.sizes,'Conduit Tables'!$C$4:$C$16,_xlpm.cap,IF(_xlpm.cnt=1,'Conduit Tables'!$I$4:$I$16,IF(_xlpm.cnt=2,'Conduit Tables'!$K$4:$K$16,'Conduit Tables'!$E$4:$E$16)),_xlfn.XLOOKUP(TRUE,IF(ISNUMBER(_xlpm.cap),_xlpm.cap>=_xlpm.area,FALSE),_xlpm.sizes,"No size")))} | Q62: {=IF($M62="","",_xlfn.LET(_xlpm.area,$O62,_xlpm.cnt,$N62,_xlpm.sizes,'Conduit Tables'!$C$20:$C$26,_xlpm.cap,IF(_xlpm.cnt=1,'Conduit Tables'!$I$20:$I$26,IF(_xlpm.cnt=2,'Conduit Tables'!$K$20:$K$26,'Conduit Tables'!$E$20:$E$26)),_xlfn.XLOOKUP(TRUE,IF(ISNUMBER(_xlpm.cap),_xlpm.cap>=_xlpm.area,FALSE),_xlpm.sizes,"No size")))} | R62: {=IF($M62="","",_xlfn.LET(_xlpm.area,$O62,_xlpm.cnt,$N62,_xlpm.sizes,'Conduit Tables'!$C$30:$C$38,_xlpm.cap,IF(_xlpm.cnt=1,'Conduit Tables'!$I$30:$I$38,IF(_xlpm.cnt=2,'Conduit Tables'!$K$30:$K$38,'Conduit Tables'!$E$30:$E$38)),_xlfn.XLOOKUP(TRUE,IF(ISNUMBER(_xlpm.cap),_xlpm.cap>=_xlpm.area,FALSE),_xlpm.sizes,"No size")))}
A63: SV-024 | E63: NO | F63: 4-20 mA | G63: 2 wire | H63: Alan16 | I63: 2 | J63: YELLOW | K63: Y5 | M63: {=IFERROR(INDEX(_xlfn._xlws.SORT(_xlfn.UNIQUE(_xlfn._xlws.FILTER(_xlfn.VSTACK(Table3[[Conduit ]],Table3[Conduit Branch]),_xlfn.VSTACK(Table3[[Conduit ]],Table3[Conduit Branch])<>""))),ROWS($M$19:M63)),"")} | N63: =IF($M63="","",COUNTIF(Table3[[Conduit ]],$M63)+COUNTIF(Table3[Conduit Branch],$M63)) | O63: {=IF($M63="","",_xlfn.LET(_xlpm.item,$M63,_xlpm.diameters,_xlfn.XLOOKUP(Table3[Cable Designation]&"",Table6[Designation]&"",Table6[Nom Diameter],0),SUMPRODUCT(((Table3[[Conduit ]]=_xlpm.item)+(Table3[Conduit Branch]=_xlpm.item))*PI()*(_xlpm.diameters/2)^2)))} | P63: {=IF($M63="","",_xlfn.LET(_xlpm.area,$O63,_xlpm.cnt,$N63,_xlpm.sizes,'Conduit Tables'!$C$4:$C$16,_xlpm.cap,IF(_xlpm.cnt=1,'Conduit Tables'!$I$4:$I$16,IF(_xlpm.cnt=2,'Conduit Tables'!$K$4:$K$16,'Conduit Tables'!$E$4:$E$16)),_xlfn.XLOOKUP(TRUE,IF(ISNUMBER(_xlpm.cap),_xlpm.cap>=_xlpm.area,FALSE),_xlpm.sizes,"No size")))} | Q63: {=IF($M63="","",_xlfn.LET(_xlpm.area,$O63,_xlpm.cnt,$N63,_xlpm.sizes,'Conduit Tables'!$C$20:$C$26,_xlpm.cap,IF(_xlpm.cnt=1,'Conduit Tables'!$I$20:$I$26,IF(_xlpm.cnt=2,'Conduit Tables'!$K$20:$K$26,'Conduit Tables'!$E$20:$E$26)),_xlfn.XLOOKUP(TRUE,IF(ISNUMBER(_xlpm.cap),_xlpm.cap>=_xlpm.area,FALSE),_xlpm.sizes,"No size")))} | R63: {=IF($M63="","",_xlfn.LET(_xlpm.area,$O63,_xlpm.cnt,$N63,_xlpm.sizes,'Conduit Tables'!$C$30:$C$38,_xlpm.cap,IF(_xlpm.cnt=1,'Conduit Tables'!$I$30:$I$38,IF(_xlpm.cnt=2,'Conduit Tables'!$K$30:$K$38,'Conduit Tables'!$E$30:$E$38)),_xlfn.XLOOKUP(TRUE,IF(ISNUMBER(_xlpm.cap),_xlpm.cap>=_xlpm.area,FALSE),_xlpm.sizes,"No size")))}
A64: SV-023 | E64: NO | F64: 4-20 mA | G64: 2 wire | H64: Alan16 | I64: 2 | J64: YELLOW | K64: Y5 | M64: {=IFERROR(INDEX(_xlfn._xlws.SORT(_xlfn.UNIQUE(_xlfn._xlws.FILTER(_xlfn.VSTACK(Table3[[Conduit ]],Table3[Conduit Branch]),_xlfn.VSTACK(Table3[[Conduit ]],Table3[Conduit Branch])<>""))),ROWS($M$19:M64)),"")} | N64: =IF($M64="","",COUNTIF(Table3[[Conduit ]],$M64)+COUNTIF(Table3[Conduit Branch],$M64)) | O64: {=IF($M64="","",_xlfn.LET(_xlpm.item,$M64,_xlpm.diameters,_xlfn.XLOOKUP(Table3[Cable Designation]&"",Table6[Designation]&"",Table6[Nom Diameter],0),SUMPRODUCT(((Table3[[Conduit ]]=_xlpm.item)+(Table3[Conduit Branch]=_xlpm.item))*PI()*(_xlpm.diameters/2)^2)))} | P64: {=IF($M64="","",_xlfn.LET(_xlpm.area,$O64,_xlpm.cnt,$N64,_xlpm.sizes,'Conduit Tables'!$C$4:$C$16,_xlpm.cap,IF(_xlpm.cnt=1,'Conduit Tables'!$I$4:$I$16,IF(_xlpm.cnt=2,'Conduit Tables'!$K$4:$K$16,'Conduit Tables'!$E$4:$E$16)),_xlfn.XLOOKUP(TRUE,IF(ISNUMBER(_xlpm.cap),_xlpm.cap>=_xlpm.area,FALSE),_xlpm.sizes,"No size")))} | Q64: {=IF($M64="","",_xlfn.LET(_xlpm.area,$O64,_xlpm.cnt,$N64,_xlpm.sizes,'Conduit Tables'!$C$20:$C$26,_xlpm.cap,IF(_xlpm.cnt=1,'Conduit Tables'!$I$20:$I$26,IF(_xlpm.cnt=2,'Conduit Tables'!$K$20:$K$26,'Conduit Tables'!$E$20:$E$26)),_xlfn.XLOOKUP(TRUE,IF(ISNUMBER(_xlpm.cap),_xlpm.cap>=_xlpm.area,FALSE),_xlpm.sizes,"No size")))} | R64: {=IF($M64="","",_xlfn.LET(_xlpm.area,$O64,_xlpm.cnt,$N64,_xlpm.sizes,'Conduit Tables'!$C$30:$C$38,_xlpm.cap,IF(_xlpm.cnt=1,'Conduit Tables'!$I$30:$I$38,IF(_xlpm.cnt=2,'Conduit Tables'!$K$30:$K$38,'Conduit Tables'!$E$30:$E$38)),_xlfn.XLOOKUP(TRUE,IF(ISNUMBER(_xlpm.cap),_xlpm.cap>=_xlpm.area,FALSE),_xlpm.sizes,"No size")))}
A65: SV-073 | E65: NO | F65: 4-20 mA | G65: 2 wire | H65: Alan16 | I65: 2 | J65: YELLOW | K65: Y6 | M65: {=IFERROR(INDEX(_xlfn._xlws.SORT(_xlfn.UNIQUE(_xlfn._xlws.FILTER(_xlfn.VSTACK(Table3[[Conduit ]],Table3[Conduit Branch]),_xlfn.VSTACK(Table3[[Conduit ]],Table3[Conduit Branch])<>""))),ROWS($M$19:M65)),"")} | N65: =IF($M65="","",COUNTIF(Table3[[Conduit ]],$M65)+COUNTIF(Table3[Conduit Branch],$M65)) | O65: {=IF($M65="","",_xlfn.LET(_xlpm.item,$M65,_xlpm.diameters,_xlfn.XLOOKUP(Table3[Cable Designation]&"",Table6[Designation]&"",Table6[Nom Diameter],0),SUMPRODUCT(((Table3[[Conduit ]]=_xlpm.item)+(Table3[Conduit Branch]=_xlpm.item))*PI()*(_xlpm.diameters/2)^2)))} | P65: {=IF($M65="","",_xlfn.LET(_xlpm.area,$O65,_xlpm.cnt,$N65,_xlpm.sizes,'Conduit Tables'!$C$4:$C$16,_xlpm.cap,IF(_xlpm.cnt=1,'Conduit Tables'!$I$4:$I$16,IF(_xlpm.cnt=2,'Conduit Tables'!$K$4:$K$16,'Conduit Tables'!$E$4:$E$16)),_xlfn.XLOOKUP(TRUE,IF(ISNUMBER(_xlpm.cap),_xlpm.cap>=_xlpm.area,FALSE),_xlpm.sizes,"No size")))} | Q65: {=IF($M65="","",_xlfn.LET(_xlpm.area,$O65,_xlpm.cnt,$N65,_xlpm.sizes,'Conduit Tables'!$C$20:$C$26,_xlpm.cap,IF(_xlpm.cnt=1,'Conduit Tables'!$I$20:$I$26,IF(_xlpm.cnt=2,'Conduit Tables'!$K$20:$K$26,'Conduit Tables'!$E$20:$E$26)),_xlfn.XLOOKUP(TRUE,IF(ISNUMBER(_xlpm.cap),_xlpm.cap>=_xlpm.area,FALSE),_xlpm.sizes,"No size")))} | R65: {=IF($M65="","",_xlfn.LET(_xlpm.area,$O65,_xlpm.cnt,$N65,_xlpm.sizes,'Conduit Tables'!$C$30:$C$38,_xlpm.cap,IF(_xlpm.cnt=1,'Conduit Tables'!$I$30:$I$38,IF(_xlpm.cnt=2,'Conduit Tables'!$K$30:$K$38,'Conduit Tables'!$E$30:$E$38)),_xlfn.XLOOKUP(TRUE,IF(ISNUMBER(_xlpm.cap),_xlpm.cap>=_xlpm.area,FALSE),_xlpm.sizes,"No size")))}
A66: SV-074 | E66: NO | F66: 4-20 mA | G66: 2 wire | H66: Alan16 | I66: 2 | J66: YELLOW | K66: Y4 | M66: {=IFERROR(INDEX(_xlfn._xlws.SORT(_xlfn.UNIQUE(_xlfn._xlws.FILTER(_xlfn.VSTACK(Table3[[Conduit ]],Table3[Conduit Branch]),_xlfn.VSTACK(Table3[[Conduit ]],Table3[Conduit Branch])<>""))),ROWS($M$19:M66)),"")} | N66: =IF($M66="","",COUNTIF(Table3[[Conduit ]],$M66)+COUNTIF(Table3[Conduit Branch],$M66)) | O66: {=IF($M66="","",_xlfn.LET(_xlpm.item,$M66,_xlpm.diameters,_xlfn.XLOOKUP(Table3[Cable Designation]&"",Table6[Designation]&"",Table6[Nom Diameter],0),SUMPRODUCT(((Table3[[Conduit ]]=_xlpm.item)+(Table3[Conduit Branch]=_xlpm.item))*PI()*(_xlpm.diameters/2)^2)))} | P66: {=IF($M66="","",_xlfn.LET(_xlpm.area,$O66,_xlpm.cnt,$N66,_xlpm.sizes,'Conduit Tables'!$C$4:$C$16,_xlpm.cap,IF(_xlpm.cnt=1,'Conduit Tables'!$I$4:$I$16,IF(_xlpm.cnt=2,'Conduit Tables'!$K$4:$K$16,'Conduit Tables'!$E$4:$E$16)),_xlfn.XLOOKUP(TRUE,IF(ISNUMBER(_xlpm.cap),_xlpm.cap>=_xlpm.area,FALSE),_xlpm.sizes,"No size")))} | Q66: {=IF($M66="","",_xlfn.LET(_xlpm.area,$O66,_xlpm.cnt,$N66,_xlpm.sizes,'Conduit Tables'!$C$20:$C$26,_xlpm.cap,IF(_xlpm.cnt=1,'Conduit Tables'!$I$20:$I$26,IF(_xlpm.cnt=2,'Conduit Tables'!$K$20:$K$26,'Conduit Tables'!$E$20:$E$26)),_xlfn.XLOOKUP(TRUE,IF(ISNUMBER(_xlpm.cap),_xlpm.cap>=_xlpm.area,FALSE),_xlpm.sizes,"No size")))} | R66: {=IF($M66="","",_xlfn.LET(_xlpm.area,$O66,_xlpm.cnt,$N66,_xlpm.sizes,'Conduit Tables'!$C$30:$C$38,_xlpm.cap,IF(_xlpm.cnt=1,'Conduit Tables'!$I$30:$I$38,IF(_xlpm.cnt=2,'Conduit Tables'!$K$30:$K$38,'Conduit Tables'!$E$30:$E$38)),_xlfn.XLOOKUP(TRUE,IF(ISNUMBER(_xlpm.cap),_xlpm.cap>=_xlpm.area,FALSE),_xlpm.sizes,"No size")))}
A67: SV-072 | E67: NO | F67: 4-20 mA | G67: 2 wire | H67: Alan16 | I67: 2 | J67: YELLOW | K67: Y4 | M67: {=IFERROR(INDEX(_xlfn._xlws.SORT(_xlfn.UNIQUE(_xlfn._xlws.FILTER(_xlfn.VSTACK(Table3[[Conduit ]],Table3[Conduit Branch]),_xlfn.VSTACK(Table3[[Conduit ]],Table3[Conduit Branch])<>""))),ROWS($M$19:M67)),"")} | N67: =IF($M67="","",COUNTIF(Table3[[Conduit ]],$M67)+COUNTIF(Table3[Conduit Branch],$M67)) | O67: {=IF($M67="","",_xlfn.LET(_xlpm.item,$M67,_xlpm.diameters,_xlfn.XLOOKUP(Table3[Cable Designation]&"",Table6[Designation]&"",Table6[Nom Diameter],0),SUMPRODUCT(((Table3[[Conduit ]]=_xlpm.item)+(Table3[Conduit Branch]=_xlpm.item))*PI()*(_xlpm.diameters/2)^2)))} | P67: {=IF($M67="","",_xlfn.LET(_xlpm.area,$O67,_xlpm.cnt,$N67,_xlpm.sizes,'Conduit Tables'!$C$4:$C$16,_xlpm.cap,IF(_xlpm.cnt=1,'Conduit Tables'!$I$4:$I$16,IF(_xlpm.cnt=2,'Conduit Tables'!$K$4:$K$16,'Conduit Tables'!$E$4:$E$16)),_xlfn.XLOOKUP(TRUE,IF(ISNUMBER(_xlpm.cap),_xlpm.cap>=_xlpm.area,FALSE),_xlpm.sizes,"No size")))} | Q67: {=IF($M67="","",_xlfn.LET(_xlpm.area,$O67,_xlpm.cnt,$N67,_xlpm.sizes,'Conduit Tables'!$C$20:$C$26,_xlpm.cap,IF(_xlpm.cnt=1,'Conduit Tables'!$I$20:$I$26,IF(_xlpm.cnt=2,'Conduit Tables'!$K$20:$K$26,'Conduit Tables'!$E$20:$E$26)),_xlfn.XLOOKUP(TRUE,IF(ISNUMBER(_xlpm.cap),_xlpm.cap>=_xlpm.area,FALSE),_xlpm.sizes,"No size")))} | R67: {=IF($M67="","",_xlfn.LET(_xlpm.area,$O67,_xlpm.cnt,$N67,_xlpm.sizes,'Conduit Tables'!$C$30:$C$38,_xlpm.cap,IF(_xlpm.cnt=1,'Conduit Tables'!$I$30:$I$38,IF(_xlpm.cnt=2,'Conduit Tables'!$K$30:$K$38,'Conduit Tables'!$E$30:$E$38)),_xlfn.XLOOKUP(TRUE,IF(ISNUMBER(_xlpm.cap),_xlpm.cap>=_xlpm.area,FALSE),_xlpm.sizes,"No size")))}
A68: PT-2 | E68: NO | F68: 4-20 mA | G68: 2 wire shielded | H68: Dek2C | I68: 1 | J68: YELLOW | K68: Y4 | M68: {=IFERROR(INDEX(_xlfn._xlws.SORT(_xlfn.UNIQUE(_xlfn._xlws.FILTER(_xlfn.VSTACK(Table3[[Conduit ]],Table3[Conduit Branch]),_xlfn.VSTACK(Table3[[Conduit ]],Table3[Conduit Branch])<>""))),ROWS($M$19:M68)),"")} | N68: =IF($M68="","",COUNTIF(Table3[[Conduit ]],$M68)+COUNTIF(Table3[Conduit Branch],$M68)) | O68: {=IF($M68="","",_xlfn.LET(_xlpm.item,$M68,_xlpm.diameters,_xlfn.XLOOKUP(Table3[Cable Designation]&"",Table6[Designation]&"",Table6[Nom Diameter],0),SUMPRODUCT(((Table3[[Conduit ]]=_xlpm.item)+(Table3[Conduit Branch]=_xlpm.item))*PI()*(_xlpm.diameters/2)^2)))} | P68: {=IF($M68="","",_xlfn.LET(_xlpm.area,$O68,_xlpm.cnt,$N68,_xlpm.sizes,'Conduit Tables'!$C$4:$C$16,_xlpm.cap,IF(_xlpm.cnt=1,'Conduit Tables'!$I$4:$I$16,IF(_xlpm.cnt=2,'Conduit Tables'!$K$4:$K$16,'Conduit Tables'!$E$4:$E$16)),_xlfn.XLOOKUP(TRUE,IF(ISNUMBER(_xlpm.cap),_xlpm.cap>=_xlpm.area,FALSE),_xlpm.sizes,"No size")))} | Q68: {=IF($M68="","",_xlfn.LET(_xlpm.area,$O68,_xlpm.cnt,$N68,_xlpm.sizes,'Conduit Tables'!$C$20:$C$26,_xlpm.cap,IF(_xlpm.cnt=1,'Conduit Tables'!$I$20:$I$26,IF(_xlpm.cnt=2,'Conduit Tables'!$K$20:$K$26,'Conduit Tables'!$E$20:$E$26)),_xlfn.XLOOKUP(TRUE,IF(ISNUMBER(_xlpm.cap),_xlpm.cap>=_xlpm.area,FALSE),_xlpm.sizes,"No size")))} | R68: {=IF($M68="","",_xlfn.LET(_xlpm.area,$O68,_xlpm.cnt,$N68,_xlpm.sizes,'Conduit Tables'!$C$30:$C$38,_xlpm.cap,IF(_xlpm.cnt=1,'Conduit Tables'!$I$30:$I$38,IF(_xlpm.cnt=2,'Conduit Tables'!$K$30:$K$38,'Conduit Tables'!$E$30:$E$38)),_xlfn.XLOOKUP(TRUE,IF(ISNUMBER(_xlpm.cap),_xlpm.cap>=_xlpm.area,FALSE),_xlpm.sizes,"No size")))}
... A77: TT-7 | E77: NO | F77: 4-20 mA | G77: 2 wire shielded | H77: Dek2C | I77: 1 | J77: YELLOW | K77: Y4 | M77: {=IFERROR(INDEX(_xlfn._xlws.SORT(_xlfn.UNIQUE(_xlfn._xlws.FILTER(_xlfn.VSTACK(Table3[[Conduit ]],Table3[Conduit Branch]),_xlfn.VSTACK(Table3[[Conduit ]],Table3[Conduit Branch])<>""))),ROWS($M$19:M77)),"")} | N77: =IF($M77="","",COUNTIF(Table3[[Conduit ]],$M77)+COUNTIF(Table3[Conduit Branch],$M77)) | O77: {=IF($M77="","",_xlfn.LET(_xlpm.item,$M77,_xlpm.diameters,_xlfn.XLOOKUP(Table3[Cable Designation]&"",Table6[Designation]&"",Table6[Nom Diameter],0),SUMPRODUCT(((Table3[[Conduit ]]=_xlpm.item)+(Table3[Conduit Branch]=_xlpm.item))*PI()*(_xlpm.diameters/2)^2)))} | P77: {=IF($M77="","",_xlfn.LET(_xlpm.area,$O77,_xlpm.cnt,$N77,_xlpm.sizes,'Conduit Tables'!$C$4:$C$16,_xlpm.cap,IF(_xlpm.cnt=1,'Conduit Tables'!$I$4:$I$16,IF(_xlpm.cnt=2,'Conduit Tables'!$K$4:$K$16,'Conduit Tables'!$E$4:$E$16)),_xlfn.XLOOKUP(TRUE,IF(ISNUMBER(_xlpm.cap),_xlpm.cap>=_xlpm.area,FALSE),_xlpm.sizes,"No size")))} | Q77: {=IF($M77="","",_xlfn.LET(_xlpm.area,$O77,_xlpm.cnt,$N77,_xlpm.sizes,'Conduit Tables'!$C$20:$C$26,_xlpm.cap,IF(_xlpm.cnt=1,'Conduit Tables'!$I$20:$I$26,IF(_xlpm.cnt=2,'Conduit Tables'!$K$20:$K$26,'Conduit Tables'!$E$20:$E$26)),_xlfn.XLOOKUP(TRUE,IF(ISNUMBER(_xlpm.cap),_xlpm.cap>=_xlpm.area,FALSE),_xlpm.sizes,"No size")))} | R77: {=IF($M77="","",_xlfn.LET(_xlpm.area,$O77,_xlpm.cnt,$N77,_xlpm.sizes,'Conduit Tables'!$C$30:$C$38,_xlpm.cap,IF(_xlpm.cnt=1,'Conduit Tables'!$I$30:$I$38,IF(_xlpm.cnt=2,'Conduit Tables'!$K$30:$K$38,'Conduit Tables'!$E$30:$E$38)),_xlfn.XLOOKUP(TRUE,IF(ISNUMBER(_xlpm.cap),_xlpm.cap>=_xlpm.area,FALSE),_xlpm.sizes,"No size")))}
A78: AH 809 | E78: NO | F78: ALARM | G78: 2 wire | H78: Alan16 | I78: 2 | M78: {=IFERROR(INDEX(_xlfn._xlws.SORT(_xlfn.UNIQUE(_xlfn._xlws.FILTER(_xlfn.VSTACK(Table3[[Conduit ]],Table3[Conduit Branch]),_xlfn.VSTACK(Table3[[Conduit ]],Table3[Conduit Branch])<>""))),ROWS($M$19:M78)),"")} | N78: =IF($M78="","",COUNTIF(Table3[[Conduit ]],$M78)+COUNTIF(Table3[Conduit Branch],$M78)) | O78: {=IF($M78="","",_xlfn.LET(_xlpm.item,$M78,_xlpm.diameters,_xlfn.XLOOKUP(Table3[Cable Designation]&"",Table6[Designation]&"",Table6[Nom Diameter],0),SUMPRODUCT(((Table3[[Conduit ]]=_xlpm.item)+(Table3[Conduit Branch]=_xlpm.item))*PI()*(_xlpm.diameters/2)^2)))} | P78: {=IF($M78="","",_xlfn.LET(_xlpm.area,$O78,_xlpm.cnt,$N78,_xlpm.sizes,'Conduit Tables'!$C$4:$C$16,_xlpm.cap,IF(_xlpm.cnt=1,'Conduit Tables'!$I$4:$I$16,IF(_xlpm.cnt=2,'Conduit Tables'!$K$4:$K$16,'Conduit Tables'!$E$4:$E$16)),_xlfn.XLOOKUP(TRUE,IF(ISNUMBER(_xlpm.cap),_xlpm.cap>=_xlpm.area,FALSE),_xlpm.sizes,"No size")))} | Q78: {=IF($M78="","",_xlfn.LET(_xlpm.area,$O78,_xlpm.cnt,$N78,_xlpm.sizes,'Conduit Tables'!$C$20:$C$26,_xlpm.cap,IF(_xlpm.cnt=1,'Conduit Tables'!$I$20:$I$26,IF(_xlpm.cnt=2,'Conduit Tables'!$K$20:$K$26,'Conduit Tables'!$E$20:$E$26)),_xlfn.XLOOKUP(TRUE,IF(ISNUMBER(_xlpm.cap),_xlpm.cap>=_xlpm.area,FALSE),_xlpm.sizes,"No size")))} | R78: {=IF($M78="","",_xlfn.LET(_xlpm.area,$O78,_xlpm.cnt,$N78,_xlpm.sizes,'Conduit Tables'!$C$30:$C$38,_xlpm.cap,IF(_xlpm.cnt=1,'Conduit Tables'!$I$30:$I$38,IF(_xlpm.cnt=2,'Conduit Tables'!$K$30:$K$38,'Conduit Tables'!$E$30:$E$38)),_xlfn.XLOOKUP(TRUE,IF(ISNUMBER(_xlpm.cap),_xlpm.cap>=_xlpm.area,FALSE),_xlpm.sizes,"No size")))}
A79: HTR 1 | G79: 2 wire | H79: Alan14 | I79: 2 | J79: BLUE | K79: B1 | M79: {=IFERROR(INDEX(_xlfn._xlws.SORT(_xlfn.UNIQUE(_xlfn._xlws.FILTER(_xlfn.VSTACK(Table3[[Conduit ]],Table3[Conduit Branch]),_xlfn.VSTACK(Table3[[Conduit ]],Table3[Conduit Branch])<>""))),ROWS($M$19:M79)),"")} | N79: =IF($M79="","",COUNTIF(Table3[[Conduit ]],$M79)+COUNTIF(Table3[Conduit Branch],$M79)) | O79: {=IF($M79="","",_xlfn.LET(_xlpm.item,$M79,_xlpm.diameters,_xlfn.XLOOKUP(Table3[Cable Designation]&"",Table6[Designation]&"",Table6[Nom Diameter],0),SUMPRODUCT(((Table3[[Conduit ]]=_xlpm.item)+(Table3[Conduit Branch]=_xlpm.item))*PI()*(_xlpm.diameters/2)^2)))} | P79: {=IF($M79="","",_xlfn.LET(_xlpm.area,$O79,_xlpm.cnt,$N79,_xlpm.sizes,'Conduit Tables'!$C$4:$C$16,_xlpm.cap,IF(_xlpm.cnt=1,'Conduit Tables'!$I$4:$I$16,IF(_xlpm.cnt=2,'Conduit Tables'!$K$4:$K$16,'Conduit Tables'!$E$4:$E$16)),_xlfn.XLOOKUP(TRUE,IF(ISNUMBER(_xlpm.cap),_xlpm.cap>=_xlpm.area,FALSE),_xlpm.sizes,"No size")))} | Q79: {=IF($M79="","",_xlfn.LET(_xlpm.area,$O79,_xlpm.cnt,$N79,_xlpm.sizes,'Conduit Tables'!$C$20:$C$26,_xlpm.cap,IF(_xlpm.cnt=1,'Conduit Tables'!$I$20:$I$26,IF(_xlpm.cnt=2,'Conduit Tables'!$K$20:$K$26,'Conduit Tables'!$E$20:$E$26)),_xlfn.XLOOKUP(TRUE,IF(ISNUMBER(_xlpm.cap),_xlpm.cap>=_xlpm.area,FALSE),_xlpm.sizes,"No size")))} | R79: {=IF($M79="","",_xlfn.LET(_xlpm.area,$O79,_xlpm.cnt,$N79,_xlpm.sizes,'Conduit Tables'!$C$30:$C$38,_xlpm.cap,IF(_xlpm.cnt=1,'Conduit Tables'!$I$30:$I$38,IF(_xlpm.cnt=2,'Conduit Tables'!$K$30:$K$38,'Conduit Tables'!$E$30:$E$38)),_xlfn.XLOOKUP(TRUE,IF(ISNUMBER(_xlpm.cap),_xlpm.cap>=_xlpm.area,FALSE),_xlpm.sizes,"No size")))}
A80: HTR 2 | G80: 2 wire | H80: Alan14 | I80: 2 | J80: BLUE | K80: B2 | M80: {=IFERROR(INDEX(_xlfn._xlws.SORT(_xlfn.UNIQUE(_xlfn._xlws.FILTER(_xlfn.VSTACK(Table3[[Conduit ]],Table3[Conduit Branch]),_xlfn.VSTACK(Table3[[Conduit ]],Table3[Conduit Branch])<>""))),ROWS($M$19:M80)),"")} | N80: =IF($M80="","",COUNTIF(Table3[[Conduit ]],$M80)+COUNTIF(Table3[Conduit Branch],$M80)) | O80: {=IF($M80="","",_xlfn.LET(_xlpm.item,$M80,_xlpm.diameters,_xlfn.XLOOKUP(Table3[Cable Designation]&"",Table6[Designation]&"",Table6[Nom Diameter],0),SUMPRODUCT(((Table3[[Conduit ]]=_xlpm.item)+(Table3[Conduit Branch]=_xlpm.item))*PI()*(_xlpm.diameters/2)^2)))} | P80: {=IF($M80="","",_xlfn.LET(_xlpm.area,$O80,_xlpm.cnt,$N80,_xlpm.sizes,'Conduit Tables'!$C$4:$C$16,_xlpm.cap,IF(_xlpm.cnt=1,'Conduit Tables'!$I$4:$I$16,IF(_xlpm.cnt=2,'Conduit Tables'!$K$4:$K$16,'Conduit Tables'!$E$4:$E$16)),_xlfn.XLOOKUP(TRUE,IF(ISNUMBER(_xlpm.cap),_xlpm.cap>=_xlpm.area,FALSE),_xlpm.sizes,"No size")))} | Q80: {=IF($M80="","",_xlfn.LET(_xlpm.area,$O80,_xlpm.cnt,$N80,_xlpm.sizes,'Conduit Tables'!$C$20:$C$26,_xlpm.cap,IF(_xlpm.cnt=1,'Conduit Tables'!$I$20:$I$26,IF(_xlpm.cnt=2,'Conduit Tables'!$K$20:$K$26,'Conduit Tables'!$E$20:$E$26)),_xlfn.XLOOKUP(TRUE,IF(ISNUMBER(_xlpm.cap),_xlpm.cap>=_xlpm.area,FALSE),_xlpm.sizes,"No size")))} | R80: {=IF($M80="","",_xlfn.LET(_xlpm.area,$O80,_xlpm.cnt,$N80,_xlpm.sizes,'Conduit Tables'!$C$30:$C$38,_xlpm.cap,IF(_xlpm.cnt=1,'Conduit Tables'!$I$30:$I$38,IF(_xlpm.cnt=2,'Conduit Tables'!$K$30:$K$38,'Conduit Tables'!$E$30:$E$38)),_xlfn.XLOOKUP(TRUE,IF(ISNUMBER(_xlpm.cap),_xlpm.cap>=_xlpm.area,FALSE),_xlpm.sizes,"No size")))}
M81: {=IFERROR(INDEX(_xlfn._xlws.SORT(_xlfn.UNIQUE(_xlfn._xlws.FILTER(_xlfn.VSTACK(Table3[[Conduit ]],Table3[Conduit Branch]),_xlfn.VSTACK(Table3[[Conduit ]],Table3[Conduit Branch])<>""))),ROWS($M$19:M81)),"")} | N81: =IF($M81="","",COUNTIF(Table3[[Conduit ]],$M81)+COUNTIF(Table3[Conduit Branch],$M81)) | O81: {=IF($M81="","",_xlfn.LET(_xlpm.item,$M81,_xlpm.diameters,_xlfn.XLOOKUP(Table3[Cable Designation]&"",Table6[Designation]&"",Table6[Nom Diameter],0),SUMPRODUCT(((Table3[[Conduit ]]=_xlpm.item)+(Table3[Conduit Branch]=_xlpm.item))*PI()*(_xlpm.diameters/2)^2)))} | P81: {=IF($M81="","",_xlfn.LET(_xlpm.area,$O81,_xlpm.cnt,$N81,_xlpm.sizes,'Conduit Tables'!$C$4:$C$16,_xlpm.cap,IF(_xlpm.cnt=1,'Conduit Tables'!$I$4:$I$16,IF(_xlpm.cnt=2,'Conduit Tables'!$K$4:$K$16,'Conduit Tables'!$E$4:$E$16)),_xlfn.XLOOKUP(TRUE,IF(ISNUMBER(_xlpm.cap),_xlpm.cap>=_xlpm.area,FALSE),_xlpm.sizes,"No size")))} | Q81: {=IF($M81="","",_xlfn.LET(_xlpm.area,$O81,_xlpm.cnt,$N81,_xlpm.sizes,'Conduit Tables'!$C$20:$C$26,_xlpm.cap,IF(_xlpm.cnt=1,'Conduit Tables'!$I$20:$I$26,IF(_xlpm.cnt=2,'Conduit Tables'!$K$20:$K$26,'Conduit Tables'!$E$20:$E$26)),_xlfn.XLOOKUP(TRUE,IF(ISNUMBER(_xlpm.cap),_xlpm.cap>=_xlpm.area,FALSE),_xlpm.sizes,"No size")))} | R81: {=IF($M81="","",_xlfn.LET(_xlpm.area,$O81,_xlpm.cnt,$N81,_xlpm.sizes,'Conduit Tables'!$C$30:$C$38,_xlpm.cap,IF(_xlpm.cnt=1,'Conduit Tables'!$I$30:$I$38,IF(_xlpm.cnt=2,'Conduit Tables'!$K$30:$K$38,'Conduit Tables'!$E$30:$E$38)),_xlfn.XLOOKUP(TRUE,IF(ISNUMBER(_xlpm.cap),_xlpm.cap>=_xlpm.area,FALSE),_xlpm.sizes,"No size")))}
M82: {=IFERROR(INDEX(_xlfn._xlws.SORT(_xlfn.UNIQUE(_xlfn._xlws.FILTER(_xlfn.VSTACK(Table3[[Conduit ]],Table3[Conduit Branch]),_xlfn.VSTACK(Table3[[Conduit ]],Table3[Conduit Branch])<>""))),ROWS($M$19:M82)),"")} | N82: =IF($M82="","",COUNTIF(Table3[[Conduit ]],$M82)+COUNTIF(Table3[Conduit Branch],$M82)) | O82: {=IF($M82="","",_xlfn.LET(_xlpm.item,$M82,_xlpm.diameters,_xlfn.XLOOKUP(Table3[Cable Designation]&"",Table6[Designation]&"",Table6[Nom Diameter],0),SUMPRODUCT(((Table3[[Conduit ]]=_xlpm.item)+(Table3[Conduit Branch]=_xlpm.item))*PI()*(_xlpm.diameters/2)^2)))} | P82: {=IF($M82="","",_xlfn.LET(_xlpm.area,$O82,_xlpm.cnt,$N82,_xlpm.sizes,'Conduit Tables'!$C$4:$C$16,_xlpm.cap,IF(_xlpm.cnt=1,'Conduit Tables'!$I$4:$I$16,IF(_xlpm.cnt=2,'Conduit Tables'!$K$4:$K$16,'Conduit Tables'!$E$4:$E$16)),_xlfn.XLOOKUP(TRUE,IF(ISNUMBER(_xlpm.cap),_xlpm.cap>=_xlpm.area,FALSE),_xlpm.sizes,"No size")))} | Q82: {=IF($M82="","",_xlfn.LET(_xlpm.area,$O82,_xlpm.cnt,$N82,_xlpm.sizes,'Conduit Tables'!$C$20:$C$26,_xlpm.cap,IF(_xlpm.cnt=1,'Conduit Tables'!$I$20:$I$26,IF(_xlpm.cnt=2,'Conduit Tables'!$K$20:$K$26,'Conduit Tables'!$E$20:$E$26)),_xlfn.XLOOKUP(TRUE,IF(ISNUMBER(_xlpm.cap),_xlpm.cap>=_xlpm.area,FALSE),_xlpm.sizes,"No size")))} | R82: {=IF($M82="","",_xlfn.LET(_xlpm.area,$O82,_xlpm.cnt,$N82,_xlpm.sizes,'Conduit Tables'!$C$30:$C$38,_xlpm.cap,IF(_xlpm.cnt=1,'Conduit Tables'!$I$30:$I$38,IF(_xlpm.cnt=2,'Conduit Tables'!$K$30:$K$38,'Conduit Tables'!$E$30:$E$38)),_xlfn.XLOOKUP(TRUE,IF(ISNUMBER(_xlpm.cap),_xlpm.cap>=_xlpm.area,FALSE),_xlpm.sizes,"No size")))}

Sheet Cables Tables
B2: NEC Table 310.15(B)(2)(a) | H2: Number of Conductors | K2: NEC Table 310.16 Cable Ampacity for Raceway / Conduit | S2: NEC Table 250.122 Minimum size equipment grounding conductors EGCs | W2: NEMA Preferred HP ratings for Motors | AD2: NEC Table 310.17
B3: Ambient Temperature | C3: Temperature Rating of Conductor | F3: Ambient Temperature | H3: Number of Conductors | I3: Percent of Values in Table 310.15(B)(16) through Table 310.15(B)(19) as Adjusted for Ambient Temperature if Necessary | K3: Size | L3: Copper Conductors | O3: Aluminum Conductors | S3: OCPD Rating (Amperes) | T3: Copper (AWG or kcmil) | U3: Aluminum or Copper-Clad Aluminum (AWG or kcmil) | W3: HP_Col1 | X3: HP_Col2 | Y3: HP_Col3 | Z3: HP_Col4 | AA3: HP_Col5 | AB3: HP_Col6 | AD3: Size | AE3: Copper Conductors | AH3: Aluminum Conductors
B4: (°C) | C4: 60°C | D4: 75°C | E4: 90°C | F4: (°F) | H4: 4—6 | I4: 80 | K4: AWG/kcmil | L4: 60°C | M4: 75°C | N4: 90°C | O4: 60°C | P4: 75°C | Q4: 90°C | S4: 6000 | T4: 800 kcmil | U4: 1250 kcmil | W4: 1/2 | X4: 10 | Y4: 75 | Z4: 400 | AA4: 1250 | AB4: 4000 | AD4: AWG/kcmil | AE4: 60°C | AF4: 75°C | AG4: 90°C | AH4: 60°C | AI4: 75°C | AJ4: 90°C
B5: 10 or less | C5: 1.29 | D5: 1.2 | E5: 1.15 | F5: 50 or less | H5: 7—9 | I5: 70 | K5: 18 AWG | L5: — | M5: — | N5: 14 | O5: — | P5: — | Q5: — | S5: 5000 | T5: 700 kcmil | U5: 1250 kcmil | W5: 3/4 | X5: 15 | Y5: 100 | Z5: 450 | AA5: 1500 | AB5: 4500 | AD5: 18 AWG | AG5: 18
B6: 11–15 | C6: 1.22 | D6: 1.15 | E6: 1.12 | F6: 51–59 | H6: 10—20 | I6: 50 | K6: 16 AWG | L6: — | M6: — | N6: 18 | O6: — | P6: — | Q6: — | S6: 4000 | T6: 500 kcmil | U6: 750 kcmil | W6: 1 | X6: 20 | Y6: 125 | Z6: 500 | AA6: 1750 | AB6: 5000 | AD6: 16 AWG | AG6: 24
B7: 16–20 | C7: 1.15 | D7: 1.11 | E7: 1.08 | F7: 60–68 | H7: 21—30 | I7: 45 | K7: 14 AWG | L7: 20 | M7: 25 | N7: 30 | O7: — | P7: — | Q7: — | S7: 3000 | T7: 400 kcmil | U7: 600 kcmil | W7: 1-1/2 | X7: 25 | Y7: 150 | Z7: 600 | AA7: 2000 | AB7: - | AD7: 14 AWG | AE7: 25 | AF7: 30 | AG7: 35
B8: 21–25 | C8: 1.08 | D8: 1.05 | E8: 1.04 | F8: 69–77 | H8: 31—40 | I8: 40 | K8: 12 AWG | L8: 25 | M8: 30 | N8: 35 | O8: 20 | P8: 25 | Q8: 30 | S8: 2500 | T8: 350 kcmil | U8: 600 kcmil | W8: 2 | X8: 30 | Y8: 200 | Z8: 700 | AA8: 2250 | AB8: - | AD8: 12 AWG | AE8: 30 | AF8: 35 | AG8: 40 | AH8: 25 | AI8: 30 | AJ8: 35
B9: 26–30 | C9: 1 | D9: 1 | E9: 1 | F9: 78–86 | H9: 41 and above | I9: 35 | K9: 10 AWG | L9: 30 | M9: 35 | N9: 40 | O9: 25 | P9: 30 | Q9: 35 | S9: 2000 | T9: 250 kcmil | U9: 400 kcmil | W9: 3 | X9: 40 | Y9: 250 | Z9: 800 | AA9: 2500 | AB9: - | AD9: 10 AWG | AE9: 40 | AF9: 50 | AG9: 55 | AH9: 35 | AI9: 40 | AJ9: 45
B10: 31–35 | C10: 0.91 | D10: 0.94 | E10: 0.96 | F10: 87–95 | K10: 8 AWG | L10: 40 | M10: 50 | N10: 55 | O10: 35 | P10: 40 | Q10: 45 | S10: 1600 | T10: 4/0 AWG | U10: 350 kcmil | W10: 5 | X10: 50 | Y10: 300 | Z10: 900 | AA10: 3000 | AB10: - | AD10: 8 AWG | AE10: 60 | AF10: 70 | AG10: 80 | AH10: 45 | AI10: 55 | AJ10: 60
B11: 36–40 | C11: 0.82 | D11: 0.88 | E11: 0.91 | F11: 96–104 | K11: 6 AWG | L11: 55 | M11: 65 | N11: 75 | O11: 40 | P11: 50 | Q11: 60 | S11: 1200 | T11: 3/0 AWG | U11: 250 kcmil | W11: 7-1/2 | X11: 60 | Y11: 350 | Z11: 1000 | AA11: 3500 | AB11: - | AD11: 6 AWG | AE11: 80 | AF11: 95 | AG11: 105 | AH11: 60 | AI11: 75 | AJ11: 85
B12: 41–45 | C12: 0.71 | D12: 0.82 | E12: 0.87 | F12: 105–113 | K12: 4 AWG | L12: 70 | M12: 85 | N12: 95 | O12: 55 | P12: 65 | Q12: 75 | S12: 1000 | T12: 2/0 AWG | U12: 4/0 AWG | AD12: 4 AWG | AE12: 105 | AF12: 125 | AG12: 140 | AH12: 80 | AI12: 100 | AJ12: 115
B13: 46–50 | C13: 0.58 | D13: 0.75 | E13: 0.82 | F13: 114–122 | K13: 3 AWG | L13: 85 | M13: 100 | N13: 110 | O13: 65 | P13: 75 | Q13: 85 | S13: 800 | T13: 1/0 AWG | U13: 3/0 AWG | AD13: 3 AWG | AE13: 120 | AF13: 145 | AG13: 165 | AH13: 95 | AI13: 115 | AJ13: 130
B14: 51–55 | C14: 0.41 | D14: 0.67 | E14: 0.76 | F14: 123–131 | H14: Rating | I14: Common Insulation Types | K14: 2 AWG | L14: 95 | M14: 115 | N14: 130 | O14: 75 | P14: 90 | Q14: 100 | S14: 600 | T14: 1 AWG | U14: 2/0 AWG | W14: NEMA Preferred RPM ratings for Motors | AD14: 2 AWG | AE14: 140 | AF14: 170 | AG14: 190 | AH14: 110 | AI14: 135 | AJ14: 150
B15: 56–60 | C15: — | D15: 0.58 | E15: 0.71 | F15: 132–140 | H15: 60°C | I15: TW, UF | K15: 1 AWG | L15: 110 | M15: 130 | N15: 150 | O15: 85 | P15: 100 | Q15: 115 | S15: 500 | T15: 2 AWG | U15: 1/0 AWG | W15: Speed_Col1 | X15: Speed_Col2 | Y15: Speed_Col3 | Z15: Speed_Col4 | AD15: 1 AWG | AE15: 165 | AF15: 195 | AG15: 220 | AH15: 130 | AI15: 155 | AJ15: 175
B16: 61–65 | C16: — | D16: 0.47 | E16: 0.65 | F16: 141–149 | H16: 75°C | I16: THW, THWN, RHW, XHHW (wet) | K16: 1/0 AWG | L16: 125 | M16: 150 | N16: 170 | O16: 100 | P16: 120 | Q16: 135 | S16: 400 | T16: 3 AWG | U16: 1 AWG | W16: 300 | X16: 650 | Y16: 1750 | Z16: 5000 | AD16: 1/0 AWG | AE16: 195 | AF16: 230 | AG16: 260 | AH16: 150 | AI16: 180 | AJ16: 205
B17: 66–70 | C17: — | D17: 0.33 | E17: 0.58 | F17: 150–158 | H17: 90°C | I17: THHN, THWN-2, XHHW-2, USE-2 | K17: 2/0 AWG | L17: 145 | M17: 175 | N17: 195 | O17: 115 | P17: 135 | Q17: 150 | S17: 300 | T17: 4 AWG | U17: 2 AWG | W17: 400 | X17: 850 | Y17: 2500 | Z17: 7000 | AD17: 2/0 AWG | AE17: 225 | AF17: 265 | AG17: 300 | AH17: 175 | AI17: 210 | AJ17: 235
B18: 71–75 | C18: — | D18: — | E18: 0.5 | F18: 159–167 | K18: 3/0 AWG | L18: 165 | M18: 200 | N18: 225 | O18: 130 | P18: 155 | Q18: 175 | S18: 200 | T18: 6 AWG | U18: 4 AWG | W18: 500 | X18: 1150 | Y18: 3500 | Z18: 10000 | AD18: 3/0 AWG | AE18: 260 | AF18: 310 | AG18: 350 | AH18: 200 | AI18: 240 | AJ18: 270
B19: 76–80 | C19: — | D19: — | E19: 0.41 | F19: 168–176 | K19: 4/0 AWG | L19: 195 | M19: 230 | N19: 260 | O19: 150 | P19: 180 | Q19: 205 | S19: 100 | T19: 8 AWG | U19: 6 AWG | AD19: 4/0 AWG | AE19: 300 | AF19: 360 | AG19: 405 | AH19: 235 | AI19: 280 | AJ19: 315
B20: 81–85 | C20: — | D20: — | E20: 0.29 | F20: 177–185 | K20: 250 kcmil | L20: 215 | M20: 255 | N20: 290 | O20: 170 | P20: 205 | Q20: 230 | S20: 60 | T20: 10 AWG | U20: 8 AWG | AD20: 250 kcmil | AE20: 340 | AF20: 405 | AG20: 455 | AH20: 265 | AI20: 315 | AJ20: 355
K21: 300 kcmil | L21: 240 | M21: 285 | N21: 320 | O21: 190 | P21: 230 | Q21: 255 | S21: 20 | T21: 12 AWG | U21: 10 AWG | AD21: 300 kcmil | AE21: 375 | AF21: 445 | AG21: 500 | AH21: 290 | AI21: 350 | AJ21: 395
K22: 350 kcmil | L22: 260 | M22: 310 | N22: 350 | O22: 210 | P22: 250 | Q22: 280 | S22: 15 | T22: 14 AWG | U22: 12 AWG | AD22: 350 kcmil | AE22: 420 | AF22: 505 | AG22: 570 | AH22: 330 | AI22: 395 | AJ22: 445
K23: 400 kcmil | L23: 280 | M23: 335 | N23: 380 | O23: 225 | P23: 270 | Q23: 305 | AD23: 400 kcmil | AE23: 455 | AF23: 545 | AG23: 615 | AH23: 355 | AI23: 425 | AJ23: 480
K24: 500 kcmil | L24: 320 | M24: 380 | N24: 430 | O24: 260 | P24: 310 | Q24: 350 | AD24: 500 kcmil | AE24: 515 | AF24: 620 | AG24: 700 | AH24: 405 | AI24: 485 | AJ24: 545
K25: 600 kcmil | L25: 355 | M25: 420 | N25: 475 | O25: 285 | P25: 340 | Q25: 385 | AD25: 600 kcmil | AE25: 575 | AF25: 690 | AG25: 780 | AH25: 455 | AI25: 545 | AJ25: 615
K26: 700 kcmil | L26: 385 | M26: 460 | N26: 520 | O26: 310 | P26: 375 | Q26: 425 | AD26: 700 kcmil | AE26: 630 | AF26: 755 | AG26: 850 | AH26: 500 | AI26: 595 | AJ26: 670
K27: 750 kcmil | L27: 400 | M27: 475 | N27: 535 | O27: 320 | P27: 385 | Q27: 435 | AD27: 750 kcmil | AE27: 655 | AF27: 785 | AG27: 885 | AH27: 515 | AI27: 620 | AJ27: 700
K28: 800 kcmil | L28: 410 | M28: 490 | N28: 555 | O28: 330 | P28: 395 | Q28: 445 | AD28: 800 kcmil | AE28: 680 | AF28: 815 | AG28: 920 | AH28: 535 | AI28: 645 | AJ28: 725
K29: 900 kcmil | L29: 435 | M29: 520 | N29: 585 | O29: 355 | P29: 425 | Q29: 480 | AD29: 900 kcmil | AE29: 730 | AF29: 870 | AG29: 980 | AH29: 580 | AI29: 700 | AJ29: 790
K30: 1000 kcmil | L30: 455 | M30: 545 | N30: 615 | O30: 375 | P30: 445 | Q30: 500 | AD30: 1000 kcmil | AE30: 780 | AF30: 935 | AG30: 1055 | AH30: 625 | AI30: 750 | AJ30: 845
K31: 1250 kcmil | L31: 495 | M31: 590 | N31: 665 | O31: 405 | P31: 485 | Q31: 545 | AD31: 1250 kcmil | AE31: 890 | AF31: 1065 | AG31: 1200 | AH31: 710 | AI31: 855 | AJ31: 965
K32: 1500 kcmil | L32: 525 | M32: 625 | N32: 705 | O32: 435 | P32: 520 | Q32: 585 | AD32: 1500 kcmil | AE32: 980 | AF32: 1175 | AG32: 1325 | AH32: 795 | AI32: 950 | AJ32: 1070
K33: 1750 kcmil | L33: 545 | M33: 650 | N33: 735 | O33: 455 | P33: 545 | Q33: 615 | AD33: 1750 kcmil | AE33: 1070 | AF33: 1280 | AG33: 1445 | AH33: 875 | AI33: 1050 | AJ33: 1185
K34: 2000 kcmil | L34: 555 | M34: 665 | N34: 750 | O34: 470 | P34: 560 | Q34: 630 | AD34: 2000 kcmil | AE34: 1155 | AF34: 1385 | AG34: 1560 | AH34: 960 | AI34: 1150 | AJ34: 1295

Sheet Conduit Fittings
A1: Conduit BOM | F1: BILL OF MATERIAL | N1: Conduit Planning
A2: Size | B2: Part | C2: BOM Qty | D2: EPICOR P/N | E2: EPICOR DESCRIPTION | F2: Number | G2: ASM | H2: Mtl Seq | I2: Part | J2: Qty / Parent | K2: UOM | L2: Desc | N2: Size | O2: Tag | P2: Transcribed Contents
A3: #18 AWG | B3: Cable | C3: 30 | D3: 241000309 | E3: MOTOR RTD CABLE, AWG 18, 600 VOLT, LAPP-25 COND | F3: 12 | G3: 68 | H3: 120 | I3: 50110023 | J3: 1 | K3: EA | L3: 1" MEYERS HUB | N3: 1 | O3: GN | P3: MH, LB, TB, 90, X, T
A4: 1 1/4" -> 3/4" | B4: RD | C4: 2 | D4: 241000201 | E4: 1-1/4" X 3/4" RE BUSHING | F4: 29 | G4: 68 | H4: 290 | I4: 50110125 | J4: 4 | K4: EA | L4: 1" X 3/4" RE BUSHING | N4: 1-1/4 | O4: R3 | P4: RD, T, down T,T,T,T,T, 90, X
A5: 1" | B5: 90° | C5: 1 | D5: 241000125 | E5: 1" 90 DEG. PULL ELB FEM / FEM NON HAZ LOC | F5: 11 | G5: 68 | H5: 110 | I5: 50110860 | J5: 1 | K5: EA | L5: 3/4" MEYERS HUB | N5: 1-1/4 | O5: Y4 | P5: RD, T, d, T, X, X, X, X, X
A6: 1" | B6: LB | C6: 1 | D6: 241000118 | E6: 1" MALL LB COND BODY | F6: 7 | G6: 68 | H6: 70 | I6: 50111204 | J6: 4 | K6: EA | L6: COND BODY, MALL, LB, 1/2" | N6: 2 | O6: Red | P6: MH, LB, TB, 90, X, 90, X, X, T, T, 90
A7: 1" | B7: MH | C7: 1 | D7: 50110023 | E7: 1" MEYERS HUB | F7: 26 | G7: 68 | H7: 260 | I7: 50111400 | J7: 6 | K7: EA | L7: COND BODY, MALL X, 1-1/4" | N7: 2 | O7: YW | P7: MH, LB, X, LR, T,T,T,X,X
A8: 1" | B8: T | C8: 1 | D8: 241000185 | E8: COND BODY, MALL, T, 1" | F8: 15 | G8: 68 | H8: 150 | I8: 50111404 | J8: 15 | K8: EA | L8: COND BODY, MALL T, 3/4" | N8: 3/4 | O8: B1
A9: 1" | B9: TB | C9: 1 | D9: 241000122 | E9: 1" MALL TB CONDUIT BODY | F9: 14 | G9: 68 | H9: 140 | I9: 50112048 | J9: 2 | K9: EA | L9: SEAL OFF, MALL, EYS, 3/4" | N9: 3/4 | O9: B2
A10: 1" | B10: X | C10: 1 | D10: 241000199 | E10: 1" MALL X CONDUIT BODY | F10: 24 | G10: 68 | H10: 240 | I10: 50112205 | J10: 8 | K10: EA | L10: COND BODY, MALL, X, 3/4", CLIP | N10: 3/4 | O10: BL | P10: MH, LB, TB, ELB, X, X
A11: 1" -> 3/4" | B11: RD | C11: 4 | D11: 50110125 | E11: 1" X 3/4" RE BUSHING | F11: 20 | G11: 68 | H11: 200 | I11: 50112229 | J11: 2 | K11: EA | L11: 3/4" MALL TB COND BODY | N11: 3/4 | O11: G1 | P11: RD, 90°, C
A12: 1/2" | B12: LB | C12: 4 | D12: 50111204 | E12: COND BODY, MALL, LB, 1/2" | F12: 5 | G12: 68 | H12: 50 | I12: 50112244 | J12: 1 | K12: EA | L12: 3/4" MALE / FEM 90 DEG SHORT ELB HAZ LOC | N12: 3/4 | O12: G2 | P12: RD, X, T, X, LB, TB, UNION90, SEAL, UNION90, SEAL, T, 90, T W DRAIN, C
A13: 1-1/4" | B13: 90° | C13: 1 | D13: 241000126 | E13: COND BODY, MALL, LB, 1-1/4" | F13: 18 | G13: 68 | H13: 180 | I13: 241000071 | J13: 2 | K13: EA | L13: COND BODY, MALL, T, 2" | N13: 3/4 | O13: R1 | P13: RD, T
A14: 1-1/4" | B14: T | C14: 9 | D14: 241000179 | E14: COND BODY, MALL, T, 1-1/4" | F14: 22 | G14: 68 | H14: 220 | I14: 241000072 | J14: 1 | K14: EA | L14: 2" MALL TB COND BODY | N14: 3/4 | O14: R2 | P14: RD, T LB
A15: 1-1/4" | B15: X | C15: 6 | D15: 50111400 | E15: COND BODY, MALL X, 1-1/4" | F15: 13 | G15: 68 | H15: 130 | I15: 241000082 | J15: 2 | K15: EA | L15: MEYERS HUB, 2" | N15: 3/4 | O15: R4 | P15: RD, T
A16: 2" | B16: LB | C16: 5 | D16: 241000198 | E16: COND BODY, MALL, LB, 2" | F16: 1 | G16: 68 | H16: 10 | I16: 241000094 | J16: 4 | K16: EA | L16: PULL ELBOW, NON HAZ LOC, 90 DEG. MALE / FEM, 3/4" | N16: 3/4 | O16: R5 | P16: RD, T, down TT4 T, up TT3 T
A17: 2" | B17: LR | C17: 1 | D17: 241000101 | E17: COND BODY, MALL, LR, 2" | F17: 27 | G17: 68 | H17: 270 | I17: 241000100 | J17: 6 | K17: EA | L17: 2" MALL X COND BODY | N17: 3/4 | O17: Y1 | P17: RD
A18: 2" | B18: MH | C18: 2 | D18: 241000082 | E18: MEYERS HUB, 2" | F18: 10 | G18: 68 | H18: 100 | I18: 241000101 | J18: 1 | K18: EA | L18: COND BODY, MALL, LR, 2" | N18: 3/4 | O18: Y2 | P18: RD, T, X
A19: 2" | B19: T | C19: 2 | D19: 241000071 | E19: COND BODY, MALL, T, 2" | F19: 23 | G19: 68 | H19: 230 | I19: 241000109 | J19: 2 | K19: EA | L19: UNION, MALL, HAZ LOC, 90, UNL, 3/4" | N19: 3/4 | O19: Y3 | P19: RD, T, T, T, 90, LB
A20: 2" | B20: TB | C20: 1 | D20: 241000072 | E20: 2" MALL TB COND BODY | F20: 4 | G20: 68 | H20: 40 | I20: 241000116 | J20: 2 | K20: EA | L20: 3/4" MALL C COND BODY, CLIP | N20: 3/4 | O20: Y5 | P20: RD, X, X, RD -> 1/2" LB, 1/2" LB, 1/2" LB, 1/2" LB
A21: 2" | B21: X | C21: 6 | D21: 241000100 | E21: 2" MALL X COND BODY | F21: 19 | G21: 68 | H21: 190 | I21: 241000117 | J21: 16 | K21: EA | L21: DRAIN BREATHER, 3/4" | N21: 3/4 | O21: Y6 | P21: RD, T, 90, X
A22: 2" -> 1 1/4" | B22: RD | C22: 2 | D22: 241000200 | E22: RE BUSH, 2" X 1-1/4" | F22: 8 | G22: 68 | H22: 80 | I22: 241000118 | J22: 1 | K22: EA | L22: 1" MALL LB COND BODY
A23: 2" -> 3/4" | B23: RD | C23: 15 | D23: 241000194 | E23: RE BUSH, 2" X 3/4" | F23: 21 | G23: 68 | H23: 210 | I23: 241000122 | J23: 1 | K23: EA | L23: 1" MALL TB CONDUIT BODY
A24: 3/4" | B24: 90° | C24: 4 | D24: 241000094 | E24: PULL ELBOW, NON HAZ LOC, 90 DEG. MALE / FEM, 3/4" | F24: 2 | G24: 68 | H24: 20 | I24: 241000125 | J24: 1 | K24: EA | L24: 1" 90 DEG. PULL ELB FEM / FEM NON HAZ LOC
A25: 3/4" | B25: C | C25: 2 | D25: 241000116 | E25: 3/4" MALL C COND BODY, CLIP | F25: 3 | G25: 68 | H25: 30 | I25: 241000126 | J25: 1 | K25: EA | L25: COND BODY, MALL, LB, 1-1/4"
A26: 3/4" | B26: Drain | C26: 16 | D26: 241000117 | E26: DRAIN BREATHER, 3/4" | F26: 17 | G26: 68 | H26: 170 | I26: 241000179 | J26: 9 | K26: EA | L26: COND BODY, MALL, T, 1-1/4"
A27: 3/4" | B27: ELB | C27: 1 | D27: 50112244 | E27: 3/4" MALE / FEM 90 DEG SHORT ELB HAZ LOC | F27: 16 | G27: 68 | H27: 160 | I27: 241000185 | J27: 1 | K27: EA | L27: COND BODY, MALL, T, 1"
A28: 3/4" | B28: LB | C28: 4 | D28: 241000187 | E28: COND BODY, MALL, LB, 3/4" | F28: 6 | G28: 68 | H28: 60 | I28: 241000187 | J28: 4 | K28: EA | L28: COND BODY, MALL, LB, 3/4"
A29: 3/4" | B29: MH | C29: 1 | D29: 50110860 | E29: 3/4" MEYERS HUB | F29: 28 | G29: 68 | H29: 280 | I29: 241000194 | J29: 15 | K29: EA | L29: RE BUSH, 2" X 3/4"
A30: 3/4" | B30: Seal | C30: 2 | D30: 50112048 | E30: SEAL OFF, MALL, EYS, 3/4" | F30: 9 | G30: 68 | H30: 90 | I30: 241000198 | J30: 5 | K30: EA | L30: COND BODY, MALL, LB, 2"
A31: 3/4" | B31: T | C31: 15 | D31: 50111404 | E31: COND BODY, MALL T, 3/4" | F31: 25 | G31: 68 | H31: 250 | I31: 241000199 | J31: 1 | K31: EA | L31: 1" MALL X CONDUIT BODY
A32: 3/4" | B32: TB | C32: 2 | D32: 50112229 | E32: 3/4" MALL TB COND BODY | F32: 30 | G32: 68 | H32: 300 | I32: 241000200 | J32: 2 | K32: EA | L32: RE BUSH, 2" X 1-1/4"
A33: 3/4" | B33: Union 90 | C33: 2 | D33: 241000109 | E33: UNION, MALL, HAZ LOC, 90, UNL, 3/4" | F33: 31 | G33: 68 | H33: 310 | I33: 241000201 | J33: 2 | K33: EA | L33: 1-1/4" X 3/4" RE BUSHING
A34: 3/4" | B34: X | C34: 8 | D34: 50112205 | E34: COND BODY, MALL, X, 3/4", CLIP | F34: 32 | G34: 68 | H34: 320 | I34: 241000309 | J34: 30 | K34: FT | L34: MOTOR RTD CABLE, AWG 18, 600 VOLT, LAPP-25 COND
A36: Conduit Planning
A37: Size | B37: Tag | C37: Transcribed Contents
A38: 1 | B38: GN | C38: MH, LB, TB, 90, X, T
A39: 1-1/4 | B39: R3 | C39: RD, T, down T,T,T,T,T, 90, X
A40: 1-1/4 | B40: Y4 | C40: RD, T, d, T, X, X, X, X, X
A41: 2 | B41: Red | C41: MH, LB, TB, 90, X, 90, X, X, T, T, 90
A42: 2 | B42: YW | C42: MH, LB, X, LR, T,T,T,X,X
A43: 3/4 | B43: B1
A44: 3/4 | B44: B2
A45: 3/4 | B45: BL | C45: MH, LB, TB, ELB, X, X
A46: 3/4 | B46: G1 | C46: RD, 90°, C
A47: 3/4 | B47: G2 | C47: RD, X, T, X, LB, TB, UNION90, SEAL, UNION90, SEAL, T, 90, T W DRAIN, C
A48: 3/4 | B48: R1 | C48: RD, T
A49: 3/4 | B49: R2 | C49: RD, T LB
A50: 3/4 | B50: R4 | C50: RD, T
A51: 3/4 | B51: R5 | C51: RD, T, down TT4 T, up TT3 T
A52: 3/4 | B52: Y1 | C52: RD
A53: 3/4 | B53: Y2 | C53: RD, T, X
A54: 3/4 | B54: Y3 | C54: RD, T, T, T, 90, LB
A55: 3/4 | B55: Y5 | C55: RD, X, X, RD -> 1/2" LB, 1/2" LB, 1/2" LB, 1/2" LB
A56: 3/4 | B56: Y6 | C56: RD, T, 90, X

Sheet Conduit Tables
B2: Article 344 - Rigid Metal Conduit | R2: Chapter 9 Table 2 Radius of Conduit and Tubing Bends
B3: Metric Designator | C3: Trade Size | D3: Over 2 Wires 40% mm² | E3: Over 2 Wires 40% in.² | F3: 1 Wire 60% mm² | G3: 1 Wire 60% in.² | H3: 1 Wire 53% mm² | I3: 1 Wire 53% in.² | J3: 2 Wires 31% mm² | K3: 2 Wires 31% in.² | L3: Nominal Internal Diameter mm | M3: Nominal Internal Diameter in. | N3: Total Area 100% mm² | O3: Total Area 100% in.² | R3: Metric Designator | S3: Trade Size | T3: One Shot/Full Shoe (mm) | U3: One Shot/Full Shoe (in) | V3: Other Bends (mm) | W3: Other Bends (in)
B4: 12 | C4: ⅜ | D4: — | E4: — | F4: — | G4: — | H4: — | I4: — | J4: — | K4: — | L4: 16.1 | M4: 0.632 | N4: 204 | O4: 0.314 | R4: 16 | S4: 0.5 | T4: 101.6 | U4: 4 | V4: 101.6 | W4: 4
B5: 16 | C5: ½ | D5: 81 | E5: 0.125 | F5: 122 | G5: 0.188 | H5: 107 | I5: 0.166 | J5: 63 | K5: 0.097 | L5: 21 | M5: 0.832 | N5: 204 | O5: 0.314 | R5: 21 | S5: 0.75 | T5: 114.3 | U5: 4.5 | V5: 127 | W5: 5
B6: 21 | C6: ¾ | D6: 141 | E6: 0.22 | F6: 212 | G6: 0.328 | H6: 185 | I6: 0.291 | J6: 109 | K6: 0.17 | L6: 21.2 | M6: 0.836 | N6: 353 | O6: 0.549 | R6: 27 | S6: 1 | T6: 146.05 | U6: 5.75 | V6: 152.4 | W6: 6
B7: 27 | C7: 1 | D7: 229 | E7: 0.355 | F7: 344 | G7: 0.532 | H7: 302 | I7: 0.47 | J7: 177 | K7: 0.275 | L7: 27 | M7: 1.063 | N7: 573 | O7: 0.887 | R7: 35 | S7: 1.25 | T7: 184.15 | U7: 7.25 | V7: 203.2 | W7: 8
B8: 35 | C8: 1¼ | D8: 394 | E8: 0.61 | F8: 533 | G8: 0.826 | H8: 468 | I8: 0.709 | J8: 305 | K8: 0.473 | L8: 35.4 | M8: 1.394 | N8: 981 | O8: 1.526 | R8: 41 | S8: 1.5 | T8: 209.55 | U8: 8.25 | V8: 254 | W8: 10
B9: 41 | C9: 1½ | D9: 533 | E9: 0.825 | F9: 800 | G9: 1.243 | H9: 702 | I9: 1.089 | J9: 395 | K9: 0.613 | L9: 41.6 | M9: 1.638 | N9: 1333 | O9: 2.071 | R9: 53 | S9: 2 | T9: 241.3 | U9: 9.5 | V9: 304.8 | W9: 12
B10: 53 | C10: 2 | D10: 879 | E10: 1.363 | F10: 1318 | G10: 2.045 | H10: 1157 | I10: 1.806 | J10: 681 | K10: 1.056 | L10: 52.9 | M10: 2.083 | N10: 2198 | O10: 3.409 | R10: 63 | S10: 2.5 | T10: 266.7 | U10: 10.5 | V10: 381 | W10: 15
B11: 63 | C11: 2½ | D11: 1255 | E11: 1.946 | F11: 1882 | G11: 2.918 | H11: 1654 | I11: 2.563 | J11: 974 | K11: 1.51 | L11: 63.1 | M11: 2.484 | N11: 3129 | O11: 4.866 | R11: 78 | S11: 3 | T11: 330.2 | U11: 13 | V11: 457.2 | W11: 18
B12: 78 | C12: 3 | D12: 1936 | E12: 3.004 | F12: 2904 | G12: 4.509 | H12: 2553 | I12: 3.974 | J12: 1503 | K12: 2.34 | L12: 78.5 | M12: 3.09 | N12: 4844 | O12: 7.499 | R12: 91 | S12: 3.5 | T12: 381 | U12: 15 | V12: 533.4 | W12: 21
B13: 91 | C13: 3½ | D13: 2584 | E13: 4.004 | F13: 3877 | G13: 6.006 | H13: 3414 | I13: 5.294 | J13: 2000 | K13: 3.099 | L13: 90.7 | M13: 3.57 | N13: 6460 | O13: 10.01 | R13: 103 | S13: 4 | T13: 406.4 | U13: 16 | V13: 609.6 | W13: 24
B14: 103 | C14: 4 | D14: 3326 | E14: 5.153 | F14: 4990 | G14: 7.728 | H14: 4396 | I14: 6.828 | J14: 2578 | K14: 3.994 | L14: 102.9 | M14: 4.053 | N14: 8316 | O14: 12.882 | R14: 129 | S14: 5 | T14: 609.6 | U14: 24 | V14: 762 | W14: 30
B15: 129 | C15: 5 | D15: 5220 | E15: 8.085 | F15: 7830 | G15: 12.127 | H15: 6896 | I15: 10.667 | J15: 4045 | K15: 6.265 | L15: 129.8 | M15: 5.073 | N15: 13050 | O15: 20.212 | R15: 155 | S15: 6 | T15: 762 | U15: 30 | V15: 914.4 | W15: 36
B16: 155 | C16: 6 | D16: 7528 | E16: 11.663 | F16: 11292 | G16: 17.495 | H16: 9975 | I16: 15.454 | J16: 5843 | K16: 9.03 | L16: 154.8 | M16: 6.09 | N16: 18821 | O16: 29.158
B18: Article 356 - Liquidtight Flexible Nonmetallic Conduit
B19: Metric Designator | C19: Trade Size | D19: Over 2 Wires 40% (mm²) | E19: Over 2 Wires 40% (in²) | F19: 60% (mm²) | G19: 60% (in²) | H19: 1 Wire 53% (mm²) | I19: 1 Wire 53% (in²) | J19: 2 Wires 31% (mm²) | K19: 2 Wires 31% (in²) | L19: Nominal ID (mm) | M19: Nominal ID (in) | N19: Total Area 100% (mm²) | O19: Total Area 100% (in²)
B20: 12 | C20: 3/8 | D20: 50 | E20: 0.077 | F20: 75 | G20: 0.115 | H20: 66 | I20: 0.102 | J20: 39 | K20: 0.06 | L20: 12.6 | M20: 0.495 | N20: 125 | O20: 0.192
B21: 16 | C21: 1/2 | D21: 80 | E21: 0.125 | F21: 121 | G21: 0.187 | H21: 107 | I21: 0.165 | J21: 62 | K21: 0.097 | L21: 16 | M21: 0.63 | N21: 201 | O21: 0.312
B22: 21 | C22: 3/4 | D22: 139 | E22: 0.214 | F22: 208 | G22: 0.321 | H22: 184 | I22: 0.283 | J22: 107 | K22: 0.166 | L22: 21 | M22: 0.825 | N22: 346 | O22: 0.535
B23: 27 | C23: 1 | D23: 221 | E23: 0.343 | F23: 331 | G23: 0.513 | H23: 292 | I23: 0.453 | J23: 171 | K23: 0.265 | L23: 26.5 | M23: 1.043 | N23: 552 | O23: 0.854
B24: 35 | C24: 1 1/4 | D24: 387 | E24: 0.601 | F24: 581 | G24: 0.901 | H24: 513 | I24: 0.796 | J24: 300 | K24: 0.466 | L24: 35.1 | M24: 1.383 | N24: 968 | O24: 1.502
B25: 41 | C25: 1 1/2 | D25: 520 | E25: 0.807 | F25: 781 | G25: 1.211 | H25: 690 | I25: 1.07 | J25: 403 | K25: 0.626 | L25: 40.7 | M25: 1.603 | N25: 1301 | O25: 2.018
B26: 53 | C26: 2 | D26: 863 | E26: 1.337 | F26: 1294 | G26: 2.006 | H26: 1143 | I26: 1.772 | J26: 669 | K26: 1.036 | L26: 52.4 | M26: 2.063 | N26: 2157 | O26: 3.343
B28: Article 348 - Flexible Metal Conduit
B29: Metric Designator | C29: Trade Size | D29: Over 2 Wires 40% (mm²) | E29: Over 2 Wires 40% (in²) | F29: 60% (mm²) | G29: 60% (in²) | H29: 1 Wire 53% (mm²) | I29: 1 Wire 53% (in²) | J29: 2 Wires 31% (mm²) | K29: 2 Wires 31% (in²) | L29: Nominal ID (mm) | M29: Nominal ID (in) | N29: Total Area 100% (mm²) | O29: Total Area 100% (in²)
B30: 12 | C30: 3/8 | D30: 127 | E30: 0.197 | F30: 206 | G30: 0.32 | H30: 182 | I30: 0.283 | J30: 106 | K30: 0.165 | L30: 10.9 | M30: 0.424 | N30: 345 | O30: 0.535
B31: 16 | C31: 1/2 | D31: 211 | E31: 0.327 | F31: 316 | G31: 0.49 | H31: 279 | I31: 0.433 | J31: 162 | K31: 0.253 | L31: 15.9 | M31: 0.622 | N31: 527 | O31: 0.817
B32: 21 | C32: 3/4 | D32: 330 | E32: 0.511 | F32: 495 | G32: 0.766 | H32: 437 | I32: 0.677 | J32: 253 | K32: 0.396 | L32: 22.4 | M32: 0.882 | N32: 824 | O32: 1.277
B33: 27 | C33: 1 | D33: 480 | E33: 0.743 | F33: 720 | G33: 1.111 | H33: 636 | I33: 0.985 | J33: 372 | K33: 0.576 | L33: 29.1 | M33: 1.138 | N33: 1201 | O33: 1.863
B34: 35 | C34: 1 1/4 | D34: 843 | E34: 1.307 | F34: 1264 | G34: 1.961 | H34: 1117 | I34: 1.732 | J34: 653 | K34: 1.013 | L34: 39.1 | M34: 1.54 | N34: 2107 | O34: 3.269
B35: 41 | C35: 1 1/2 | D35: 1267 | E35: 1.963 | F35: 1900 | G35: 2.945 | H35: 1678 | I35: 2.602 | J35: 980 | K35: 1.522 | L35: 63.5 | M35: 2.5 | N35: 3167 | O35: 4.909
B36: 53 | C36: 2 | D36: 1854 | E36: 2.877 | F36: 2736 | G36: 4.241 | H36: 2417 | I36: 3.746 | J36: 1414 | K36: 2.191 | L36: 76.9 | M36: 3.001 | N36: 4560 | O36: 7.068
B37: 63 | C37: 2 1/2 | D37: 2483 | E37: 3.848 | F37: 3724 | G37: 5.773 | H37: 3390 | I37: 5.009 | J37: 1921 | K37: 2.983 | L37: 88.9 | M37: 3.5 | N37: 6207 | O37: 9.621
B38: 78 | C38: 3 | D38: 3243 | E38: 5.027 | F38: 4861 | G38: 7.54 | H38: 4297 | I38: 6.66 | J38: 2515 | K38: 3.896 | L38: 101.6 | M38: 4 | N38: 8107 | O38: 12.566
H40: Lookup Calculation
B41: Type | C41: Size (AWG/kcmil) | D41: Area mm^2 | E41: Area in^2 | F41: Diameter mm | G41: Diameter in | H41: 0
B42: KF-1, KFF-1 | C42: 10 AWG | D42: 8.194 | E42: 0.0127 | F42: 3.226 | G42: 0.127
B43: KF-1, KFF-1 | C43: 12 AWG | D43: 5.355 | E43: 0.0083 | F43: 2.616 | G43: 0.103
B44: KF-1, KFF-1 | C44: 14 AWG | D44: 3.548 | E44: 0.0055 | F44: 2.134 | G44: 0.084
B45: KF-1, KFF-1 | C45: 16 AWG | D45: 2.387 | E45: 0.0037 | F45: 1.753 | G45: 0.069
B46: KF-1, KFF-1 | C46: 18 AWG | D46: 1.677 | E46: 0.0026 | F46: 1.448 | G46: 0.057
B47: KF-2, KFF-2 | C47: 10 AWG | D47: 8.968 | E47: 0.0139 | F47: 3.378 | G47: 0.133
B48: KF-2, KFF-2 | C48: 12 AWG | D48: 6 | E48: 0.0092 | F48: 2.743 | G48: 0.108
B49: KF-2, KFF-2 | C49: 14 AWG | D49: 4.129 | E49: 0.0064 | F49: 2.286 | G49: 0.09
B50: KF-2, KFF-2 | C50: 16 AWG | D50: 2.889 | E50: 0.0043 | F50: 1.88 | G50: 0.074
B51: KF-2, KFF-2 | C51: 18 AWG | D51: 2 | E51: 0.0031 | F51: 1.575 | G51: 0.062
B52: PF, PGF, PFE, PFF, PTF, PAF, PTFE, PAFF | C52: 14 AWG | D52: 6.452 | E52: 0.01 | F52: 2.87 | G52: 0.113
B53: PF, PGF, PFE, PFF, PTF, PAF, PTFE, PAFF | C53: 16 AWG | D53: 4.839 | E53: 0.0075 | F53: 2.489 | G53: 0.098
... B197: ZF, ZFF, ZHF | C197: 18 AWG | D197: 2.903 | E197: 0.0045 | F197: 1.93 | G197: 0.076

Sheet EPICOR ELECTRIC PARTS
A1: SEARCH WORD | B1: EPICOR P/N | C1: NEW P/N | D1: EPICOR DESCRIPTION | E1: NEW DESCRIPTION | F1: SIZE | G1: BIN LOCATION EC RACK | H1: QTY | I1: QTY BIN LOCATION 2 | J1: NOTES
A2: FASTENER | C2: 241000208 | E2: HEX HEAD SCREW M8 X 1.25 X 20 MM (PACKS OF 10 EACH) | F2: M8 | G2: EC6-3 | J2: McMaster P/N 93635A318
A3: TERMFITT | C3: 241000135 | E3: #1 AWG X 3/8" SINGLE COMP LUG | F3: 1 AWG | G3: EC5-4
A4: WIRE | C4: 241000162 | E4: #1/0 AWG STRANDED WIRE THHN GREEN | F4: #1/0 AWG | G4: JOB
A5: TERMFITT | C5: 241000328 | E5: #1/0 AWG X 1/2" SINGLE COMP LUGS | F5: #1/0 AWG | G5: EC5-4
A6: TERMFITT | C6: 241000164 | E6: #1/0 AWG X 3/8" SINGLE COMPRESSION LUG | F6: 1/0 AWG | G6: EC5-4
A7: FASTENER | B7: 51000105 | D7: HI-COLLAR L/W | E7: #10 HI-COLLAR LOCKWASHER | F7: #10 | G7: MOVE TO CAGE AREA
A8: WIRE | B8: 90459365 | E8: #14 AWG STRANDED WIRE GREEN | F8: 14 AWG | G8: EC-CABINET
A9: WIRE | B9: 50110061 | E9: #14 AWG TFFN RED STRANDED WIRE | F9: #14 AWG | G9: CABINET
A10: WIRE | B10: 50110153 | E10: #14 AWG THHN BLACK STRANDED WIRE | F10: #14 AWG | G10: CABINET
A11: WIRE | B11: 50110062 | E11: #14 AWG THHN WHITE STRANDED WIRE | F11: #14 AWG | G11: CABINET
A12: WIRE | B12: 50110261 | E12: #16 AWG AWG AWG TFFN BLACK STRANDED WIRE | F12: #16 AWG | G12: CABINET
A13: WIRE | B13: 50110266 | E13: #16 AWG AWG TFFN BLUE STRANDED WIRE | F13: #16 AWG | G13: CABINET
A14: WIRE | B14: 50110299 | E14: #16 AWG AWG TFFN GREEN / YELLOW STRIPE STRANDED WIRE | F14: #16 AWG | G14: CABINET
A15: WIRE | B15: 50110264 | E15: #16 AWG AWG TFFN GREEN STRANDED WIRE | F15: #16 AWG | G15: CABINET
A16: WIRE | B16: 50110265 | E16: #16 AWG AWG TFFN GREY STRANDED WIRE | F16: #16 AWG | G16: CABINET
A17: WIRE | B17: 50110262 | E17: #16 AWG AWG TFFN RED STRANDED WIRE | F17: #16 AWG | G17: CABINET
A18: WIRE | B18: 50110300 | E18: #16 AWG AWG TFFN WHITE / BLUE STRIPE STRANDED WIRE | F18: #16 AWG | G18: CABINET
A19: WIRE | B19: 50110263 | E19: #16 AWG AWG TFFN WHITE STRANDED WIRE | F19: #16 AWG | G19: CABINET
A20: WIRE | B20: 50110277 | E20: #16 AWG AWG TFFN YELLOW STRANDED WIRE | F20: #16 AWG | G20: CABINET
A21: TERMFITT | C21: 241000137 | E21: #2 AWG X 1/2" SINGLE COMP LUG | F21: 2 AWG | G21: EC5-4
A22: TERMFITT | C22: 241000136 | E22: #2 AWG X 3/8" SINGLE COMP LUG | F22: 2 AWG | G22: EC5-4 | H22: 20
A23: WIRE | C23: 241000156 | E23: #2 AWG STRANDED WIRE THHN GREEN | F23: #2 AWG | G23: JOB
A24: WIRE | C24: 241000176 | E24: #2 AWG X 3/8" SINGLE COMPRESSION LUG | F24: #2 | G24: JOB
A25: WIRE | B25: 90459367 | E25: #2/0 AWG THHN BLACK STRANDED WIRE | F25: #2/0 AWG | G25: JOB
A26: TERMFITT | C26: 241000138 | E26: #2/0 AWG X 3/8" SINGLE COMP LUG | F26: 2/0 AWG | G26: EC5-4
A27: TERMFITT | C27: 241000351 | E27: #2/0 X 1/2" SINGLE COMPRESION LUG | F27: #2/0 | J27: McMaSTER P/N 6896K17
A28: TERMFITT | C28: 241000140 | E28: #250 MCM X 3/8" SINGLE COMP LUG | F28: 250 MCM | G28: EC5-4
A29: TERMFITT | C29: 241000266 | E29: #3 AWG X 3/8" SINGLE COMP LUG | F29: #400 MCM | G29: EC2-2
A30: WIRE | C30: 241000274 | E30: #3/0 AWG GREEN STRANDED WIRE | F30: #3/0 AWG | G30: JOB
A31: WIRE | C31: 241000274 | E31: #3/0 AWG STRANDED WIRE GREEN | F31: #3/0 AWG | G31: JOB
A32: TERMFITT | C32: 230000493 | E32: #3/0 AWG X 1/2" SINGLE COMP LUG | F32: 3/0 AWG | G32: EC5-5 | J32: MCMASTER P/N 6926K82
A33: TERMFITT | C33: 241000139 | E33: #3/0 AWG X 3/8" SINGLE COMP LUG | F33: 3/0 AWG | G33: EC5-4 | J33: MCMASTER P/N 6926K57
A34: WIRE | B34: 90459379 | E34: #3/0 THHN BLACK STRANDED WIRE | F34: #3/0 AWG | G34: JOB
A35: WIRE | C35: 241000170 | E35: #300 MCM CABLE | F35: #300 MCM | G35: JOB
A36: TERMFITT | C36: 241000272 | E36: #300 MCM X 1/2" SINGLE COMPRESSION LUG | F36: 1/2" | G36: EC5-4
A37: TERMFITT | C37: 241000178 | E37: #300 MCM X 3/8" SINGLE COMPRESSION LUG | F37: #300 MCM | G37: JOB
A38: TERMFITT | C38: 241000275 | E38: #300 MCM X 5/8" SINGLE COMPRESSION LUG | F38: 5/8" | G38: EC5-4
A39: TERMFITT | C39: 241000278 | E39: #350 MCM COMP LUG 5/8" STUD | F39: 5/8" | G39: EC5-4
A40: WIRE | C40: 241000152 | E40: #350 MCM STRANDED WIRE THHN BLACK | F40: #350 MCM | G40: JOB
A41: WIRE | B41: 66600336 | E41: #350 MCM THHN BLACK STRANDED WIRE | F41: #350 MCM | G41: JOB | J41: INACTIVE DUPLICATE OF 241000152
A42: TERMFITT | C42: 241000009 | E42: #350 MCM X 1/2" SINGLE COMP LUG | F42: #350 MCM | G42: EC5-4
A43: TERMFITT | C43: 241000268 | E43: #350 MCM X 1/2" SINGLE COMPRESSION LUG | F43: 1/2" | G43: EC5-4
A44: TERMFITT | C44: 241000008 | E44: #350 MCM X 3/8" SINGLE COMP LUG | F44: #350 MCM | G44: EC5-4 | H44: 18
A45: WIRE | B45: 50110214 | E45: #4 AWG THHN BLACK STRANDED WIRE | F45: #4 AWG | G45: JOB
A46: TERMFITT | C46: 241000148 | E46: #4 X 1/4" SINGLE COMP LUG | F46: 4 AWG | G46: EC5-4
A47: WIRE | C47: 241000255 | E47: #4/0 AWG THHN BLACK STRANDED WIRE | F47: #4/0 AWG | G47: ORDERED PER JOB
A48: TERMFITT | C48: 241000331 | E48: #4/0 AWG X 1/4" SINGLE COMP LUGS | F48: 1/4"
A49: TERMFITT | C49: 241000256 | E49: #4/0 AWG X 3/8" SINGLE COMP LUG | F49: #4/0 AWG | G49: EC5-4
A50: TERMFITT | C50: 241000330 | E50: #4/0 AWG X 5/16" SINGLE COMP LUGS | F50: 5/16"
A51: WIRE | C51: 241000160 | E51: #400 MCM STRANDED WIRE THHN | F51: #400 MCM | G51: JOB
A52: TERMFITT | C52: 241000349 | E52: #400 MCM X 1/2" SINGLE COMPRESSION LUG
A53: TERMFITT | C53: 241000161 | E53: #400 MCM X 3/8" SINGLE COMPRESSION LUG | F53: 400 MCM | G53: EC5-4
A54: TERMFITT | C54: 241000265 | E54: #400 MCM X 5/8" SINGLE COMP LUG | F54: #400 MCM | G54: EC2-2
A55: TERMFITT | C55: 241000305 | E55: #400 MCM X 5/8" SINGLE COMPRESSION LUG | F55: #400 MCM | G55: EC5-4
A56: TERMFITT | C56: 241000147 | E56: #500 MCM X 3/8" SINGLE COMP LUG | F56: 500 MCM | G56: EC5-4
A57: WIRE | B57: 50110215 | E57: #6 AWG THHN BLACK STRANDED WIRE | F57: #6 AWG | G57: JOB
A58: WIRE | B58: 50110271 | E58: #6 AWG THHN GREEN STRANDED WIRE | F58: #6 AWG | G58: JOB
A59: TERMFITT | C59: 241000134 | E59: #6 AWG X 1/4" SINGLE COMP LUG | F59: 6 AWG | G59: EC5-4
A60: WIRE | B60: 90459369 | E60: #8 AWG THHN BLACK STRANDED WIRE | F60: #8 AWG | G60: JOB
A61: WIRE | C61: 241000302 | E61: #8 AWG THHN RED STRANDED WIRE | F61: #8 AWG | G61: WIRE RACK
A62: WIRE | C62: 241000303 | E62: #8 AWG THHN WHITE STRANDED WIRE | F62: #8 AWG | G62: WIRE RACK
A63: FASTENER | B63: 51000107 | D63: SPLIT LOCKWASHER GR 8 YELLOW ZN | E63: #8 SPLIT RING LOCKWASHER ZINC YELLOW | F63: #8 | G63: MOVE TO CAGE AREA
A64: HEATSHNK | B64: 53460144 | D64: GREEN/YELLOW HEAT SHRINK TUBING | E64: 0.12 GREEN / YELLOW HEAT SHRINK TUBING | F64: 0.125" | G64: CABINET
A65: HEATSHNK | B65: 53460141 | D65: WHITE HEAT SHRINK TUBING | E65: 0.19 WHITE HEAT SHRINK TUBING | F65: .19" | G65: CABINET
A66: CONDFITT | B66: 40000055 | E66: 1 1/2" LIQ-TIGHT 90 DEG CONN | F66: 1-1/2" | G66: JOB
A67: CONDBODY | B67: 50113048 | D67: CROUSE-HINDS VER./HOR. M/F SEAL CONDFITT | E67: 1" MALL SEAL OFF COND FITT EYS | F67: 1" | G67: EC1-3 | H67: 13
A68: CONDBODY | B68: 50111403 | D68: CROUSE-HINDS MALL T CONDBODY | E68: 1" MALL T COND BODY | F68: 1" | G68: EC1-3
A69: KOSEAL | C69: 241000063 | E69: 1" 3 PIECE K.O. SEAL TYPE 1 | F69: 1" | G69: EC4-4 | H69: 62
A70: CONDFITT | C70: 241000125 | E70: 1" 90 DEG. PULL ELB FEM / FEM NON HAZ LOC | F70: 1" | G70: EC1-3 | H70: 11
A71: CONDBODY | B71: 50113202 | E71: 1" COND BODY COVER / FM7 | F71: 1" | G71: EC1-3 | H71: 42 | J71: ADDED TO MASTER LIST
A72: CONDBODY | C72: 241000209 | E72: 1" COND BODY GASKET / FM7 | F72: 1" | G72: EC3-1 | H72: 46 | J72: NEW PART NUMBER / LABEL
A73: CONDBODY | B73: 50113004 | D73: 1" neoprene cover gasket (Topaz 583) | E73: 1" CONDUIT BODY GASKET SCREW TYPE | F73: 1" | G73: EC1-3 | H73: 29 | I73: 45
A74: CORDGRIP | B74: 49360025 | D74: SEALCON 1" NPT 4 HOLE .37" CORDGRIP | E74: 1" CORDGRIP X 4 HOLES 0.37" | F74: 1" | G74: EC4-3
A75: CONDFITT | C75: 241000316 | E75: 1" ERICKSON FEMALE / FEMALE UNION NON HAZARDOUS | F75: 1/2" | G75: EC2-4
A76: NIPPLE | B76: 50110082 | D76: 1" X CLOSE COND NIPPLE | E76: 1" GRC CLOSE NIPPLE | F76: 1" | G76: EC1-3 | H76: 41
A77: CONDUIT | B77: 50110108 | D77: RIGID GALVANIZED COND | E77: 1" GRC CONDUIT | F77: 1" | G77: B5- COND RACK
A78: CONDFITT | C78: 241000123 | E78: 1" GRC STRUT STRAPS | F78: 1" | G78: EC1-3
A79: CONDBODY | C79: 241000087 | E79: 1" GRL ALUM COND BODY | F79: 1" | G79: EC1-3 | H79: 3
A80: CONDFITT | B80: 30304203 | D80: HOFFMAN HOLE PLUG | E80: 1" HOFFMAN HOLE PLUG 3 PIECE TYPE 4 | F80: 1" | G80: EC4-4 | H80: 73
A81: CONDFITT | B81: 50113252 | D81: CROUSE-HINDS METALIC SEALTIGHT 45 DEG. | E81: 1" LIQ-TIGHT 45 DEG CONN | F81: 1" | G81: EC2-3 | H81: 20 | J81: DESC CHANGE
A82: CONDUIT | B82: 50113268 | E82: 1" LIQ-TIGHT FLEX | F82: 1" | G82: JOB
A83: CONDFITT | B83: 50113256 | D83: CROUSE-HINDS METALIC SEALTIGHT 90 DEG. | E83: 1" LIQ-TIGHT LIQ TIGHT 90 DEG CONN | F83: 1" | G83: EC2-3 | H83: 50 | J83: DESC CHANGE
A84: CONDFITT | B84: 50113264 | D84: LIQTIGHT SEAL RING ASSY. T & B | E84: 1" LIQ-TIGHT SEAL RING | F84: 1" | G84: EC4-4 | H84: 146
A85: CONDFITT | B85: 50113260 | D85: CROUSE-HINDS METALIC STRAIGHT CONN. | E85: 1" LIQ-TIGHT STRAIGHT CONN | F85: 1" | G85: EC2-3 | H85: 45 | J85: DESC CHANGE
A86: CONDFITT | B86: 50110119 | D86: LOCK RING | E86: 1" LOCK RING | F86: 1" | G86: EC4-4 | H86: 580
A87: CONDBODY | C87: 241000121 | E87: 1" MALL C COND BODY | F87: 1" | G87: EC1-3 | H87: 9 | I87: 8
A88: CONDBODY | B88: 50113201 | D88: 1" MALL CONDBODY COVER CROUSE-HINDS K100M | E88: 1" MALL COND BODY COVER / SCREW TYPE | F88: 1" | G88: EC1-3 | H88: 11 | I88: 35 | J88: TWO DIFFERENT BINS
A89: CONDBODY | C89: 241000118 | E89: 1" MALL LB COND BODY | F89: 1" | G89: EC1-3 | H89: 2 | I89: 22
A90: CONDBODY | C90: 241000090 | E90: 1" MALL LBY COND BODY | F90: 1" | G90: EC1-3 | H90: 4
A91: CONDBODY | C91: 241000119 | E91: 1" MALL LL CONDUIT BODY | F91: 1" | G91: EC1-3 | H91: 1 | I91: 7
A92: CONDBODY | C92: 241000120 | E92: 1" MALL LR COND BODY / FM7 | F92: 1" | G92: EC1-3 | H92: 3 | I92: 13 | J92: TWO DIFFERENT BINS
A93: CONDBODY | C93: 241000185 | E93: 1" MALL T COND BODY | F93: 1" | G93: EC1-3 | H93: 3 | I93: 11
A94: CONDBODY | C94: 241000122 | E94: 1" MALL TB CONDUIT BODY | F94: 1" | G94: EC1-3 | I94: 9
A95: CONDBODY | B95: 50111406 | D95: CRHI X100M 1" MALL "X" CONDBODY | E95: 1" MALL X COND BODY | F95: 1" | G95: EC1-3
A96: CONDBODY | C96: 241000199 | E96: 1" MALL X CONDUIT BODY | F96: 1" | G96: EC1-1
A97: CONDFITT | B97: 50110023 | E97: 1" MEYERS HUB | F97: 1" | G97: EC2-3 | H97: 41 | J97: INACTIVE
A98: CONDFITT | B98: 50110859 | D98: CROUSE-HINDS MEYERS HUB (GROUND) | E98: 1" MEYERS HUB | F98: 1" | G98: EC2-3 | J98: DUPLICATE
A99: CONDFITT | C99: 241000108 | E99: 1" PULL ELB MALE / FEM TYPE 1 | F99: 1" | G99: EC2-3
A100: CONDSUPP | B100: 50110151 | D100: 1" COND CLAMPS CROUS-HINDS RAC100HD | E100: 1" RA COND CLAMPS | F100: 1" | G100: EC1-3 | H100: 80
...
